amount,n_daily_txns,velocity_spike,high_risk_country,below_ctr_threshold,label,ml_suspicion_score
905.6528033225691,3,0,0,0,0,0.0041082981042563915
3922.35382030422,2,0,0,0,0,0.0041082981042563915
4698.720780408033,2,0,0,0,0,0.0041082981042563915
730.3946347457164,1,0,0,0,0,0.0041082981042563915
2239.0795304319286,1,0,0,0,0,0.0041082981042563915
8081.207074355124,2,0,0,0,0,0.0041082981042563915
778.3792312136368,1,0,0,0,0,0.0041082981042563915
1898.347061467033,3,0,0,0,0,0.0041082981042563915
715.3324170927335,2,0,0,0,0,0.0041082981042563915
106.31260737521302,3,0,0,0,0,0.0041082981042563915
1897.7569608324682,1,0,0,0,0,0.0041082981042563915
306.2230250965243,2,0,0,0,0,0.0041082981042563915
1555.1862969665067,1,0,0,0,0,0.0041082981042563915
4020.768360436169,2,0,0,0,0,0.0041082981042563915
9755.737570422374,9,1,0,0,0,0.2785716950893402
9301.366526182625,9,1,0,0,0,0.9272543787956238
98.22096339160811,1,0,0,0,0,0.0041082981042563915
1522.3271818969963,3,0,0,0,0,0.0041082981042563915
8553.812430125032,9,1,0,0,0,0.03328726440668106
451.17989772024424,2,0,0,0,0,0.0041082981042563915
292.1596465564384,3,0,0,0,0,0.0041082981042563915
9195.04989630757,9,1,0,0,0,0.9168692231178284
864.2190407200237,1,0,0,0,0,0.0041082981042563915
1585.0268285540596,3,0,0,0,0,0.0041082981042563915
1419.739699133745,1,0,0,0,0,0.0041082981042563915
479.76430549247414,2,0,0,0,0,0.0041082981042563915
1609.0413797661163,1,0,0,0,0,0.0041082981042563915
1387.5239567369654,3,0,0,0,0,0.0041082981042563915
9715.633390457642,9,1,0,0,0,0.2785716950893402
996.0735129828992,2,0,0,0,0,0.0041082981042563915
502.96350021129814,2,0,0,0,0,0.0041082981042563915
115.37904010610687,3,0,0,0,0,0.0041082981042563915
8774.030346876034,9,1,1,1,1,1.0
1362.710751820024,2,0,0,0,0,0.0041082981042563915
149.4466733122916,3,0,0,0,0,0.0041082981042563915
2986.165487368959,1,0,0,0,0,0.0041082981042563915
675.7549880737007,2,0,0,0,0,0.0041082981042563915
5492.375564652491,2,0,0,0,0,0.0041082981042563915
4824.467030437482,1,0,0,0,0,0.0041082981042563915
931.2773156223311,3,0,0,0,0,0.0041082981042563915
906.939875931252,1,0,0,0,0,0.0041082981042563915
387.3830309014393,2,0,0,0,0,0.0041082981042563915
3692.983064221275,2,0,0,0,0,0.0041082981042563915
619.5889897658574,3,0,0,0,0,0.0041082981042563915
653.0934041968786,1,0,0,0,0,0.0041082981042563915
9903.329220528654,9,1,0,0,0,0.9038791656494141
4570.990882476558,1,0,0,0,0,0.0041082981042563915
9221.076917192326,3,0,0,0,0,0.09397587180137634
1427.5531936756884,1,0,0,0,0,0.0041082981042563915
988.8194253948374,3,0,0,0,0,0.0041082981042563915
1396.4096974590882,3,0,0,0,0,0.0041082981042563915
2070.139225847732,1,0,0,0,0,0.0041082981042563915
2887.8811744680515,3,0,0,0,0,0.0041082981042563915
1434.990413492824,3,0,0,0,0,0.0041082981042563915
2950.0692823334657,1,0,0,0,0,0.0041082981042563915
2642.281360981003,3,0,0,0,0,0.0041082981042563915
932.0011787659207,1,0,0,0,0,0.0041082981042563915
2074.621094432517,3,0,0,0,0,0.0041082981042563915
413.2452258263497,1,0,0,0,0,0.0041082981042563915
685.8079688835057,1,0,0,0,0,0.0041082981042563915
1602.435653818367,2,0,0,0,0,0.0041082981042563915
305.53441561787014,3,0,0,0,0,0.0041082981042563915
6272.5266451800435,2,0,0,0,0,0.0041082981042563915
223.72833075804974,3,0,0,0,0,0.0041082981042563915
939.637648614482,1,0,0,0,0,0.0041082981042563915
9336.134690547977,2,0,0,0,0,0.041843757033348083
399.9997643796334,1,0,0,0,0,0.0041082981042563915
1010.713938896586,3,0,0,0,0,0.0041082981042563915
685.1428424911549,1,0,0,0,0,0.0041082981042563915
939.615282855884,1,0,0,0,0,0.0041082981042563915
1693.8614352047532,1,0,0,0,0,0.0041082981042563915
961.8538055136363,1,0,0,0,0,0.0041082981042563915
2808.946318520047,2,0,0,0,0,0.0041082981042563915
750.0902166854099,3,0,0,0,0,0.0041082981042563915
1475.0069797677552,1,0,0,0,0,0.0041082981042563915
1957.769594915203,3,0,0,0,0,0.0041082981042563915
350.045019676087,2,0,0,0,0,0.0041082981042563915
9914.1301445655,9,1,0,0,0,0.9038791656494141
444.77872228713477,1,0,0,0,0,0.0041082981042563915
2691.396299605045,1,0,0,0,0,0.0041082981042563915
9314.699897024711,9,1,0,0,0,0.4772148132324219
9744.198749559384,9,1,0,0,0,0.2785716950893402
8827.8376350013,9,1,0,0,0,0.8796578645706177
256.0000179872385,1,0,0,0,0,0.0041082981042563915
499.4134075968255,3,0,0,0,0,0.0041082981042563915
2989.190294826079,3,0,0,0,0,0.0041082981042563915
2457.766480983135,1,0,0,0,0,0.0041082981042563915
8635.778008744624,9,1,0,0,0,0.03328726440668106
1083.4604835635894,1,0,0,0,0,0.0041082981042563915
1775.9074940740218,2,0,0,0,0,0.0041082981042563915
2101.8911957032415,1,0,0,0,0,0.0041082981042563915
607.4640436383738,1,0,0,0,0,0.0041082981042563915
805.3902515265803,1,0,0,0,0,0.0041082981042563915
3131.2063400587317,1,0,0,0,0,0.0041082981042563915
9042.03694532942,9,1,0,0,0,0.8796578645706177
773.7701980423167,2,0,0,0,0,0.0041082981042563915
865.3635740898053,2,0,0,0,0,0.0041082981042563915
690.6603765344029,3,0,0,0,0,0.0041082981042563915
14730.47456610432,1,0,0,0,0,0.017227690666913986
339.67619881532573,3,0,0,0,0,0.0041082981042563915
8980.780444311224,9,1,1,1,1,1.0
781.3060356413947,1,0,0,0,0,0.0041082981042563915
8854.304292639934,9,1,0,0,0,0.8796578645706177
607.2232857938096,1,0,0,0,0,0.0041082981042563915
189.28961894130728,1,0,0,0,0,0.0041082981042563915
1302.3952295634085,3,0,0,0,0,0.0041082981042563915
4024.05184120153,2,0,0,0,0,0.0041082981042563915
9884.9267004176,9,1,0,0,0,0.2785716950893402
12337.701454583379,1,0,0,0,0,0.017227690666913986
1474.3816929775994,3,0,0,0,0,0.0041082981042563915
9390.814768758068,9,1,0,0,0,0.4772148132324219
217.96656090495023,1,0,0,0,0,0.0041082981042563915
751.3243474621894,3,0,0,0,0,0.0041082981042563915
1773.5645294256094,2,0,0,0,0,0.0041082981042563915
1970.8541991040604,3,0,0,0,0,0.0041082981042563915
998.9466265520958,1,0,0,0,0,0.0041082981042563915
9410.209934310615,9,1,0,0,0,0.4772148132324219
20208.57838987304,1,0,0,0,0,0.017227690666913986
2578.644943637617,1,0,0,0,0,0.0041082981042563915
304.10266242423285,2,0,0,0,0,0.0041082981042563915
245.90349685826797,2,0,0,0,0,0.0041082981042563915
199.20765716289506,1,0,0,0,0,0.0041082981042563915
2240.3703872493834,1,0,0,0,0,0.0041082981042563915
194.93761353935835,3,0,0,0,0,0.0041082981042563915
9712.645434157617,9,1,0,0,0,0.2785716950893402
6959.236248915888,2,0,0,0,0,0.0041082981042563915
1723.8819090439142,2,0,0,0,0,0.0041082981042563915
250.42066985272632,1,0,0,0,0,0.0041082981042563915
1883.9607296882155,1,0,0,0,0,0.0041082981042563915
1500.4402551353971,2,0,0,0,0,0.0041082981042563915
615.2975007647067,1,0,0,0,0,0.0041082981042563915
2418.26621351962,2,0,0,0,0,0.0041082981042563915
8507.944481594337,2,0,0,0,0,0.0041082981042563915
665.6103248365606,3,0,0,0,0,0.0041082981042563915
3559.630011096268,3,0,0,0,0,0.0041082981042563915
1025.614092800164,1,0,0,0,0,0.0041082981042563915
9151.70486046676,9,1,1,1,1,1.0
8676.13906899665,9,1,0,0,0,0.6993576288223267
858.1012968001555,3,0,0,0,0,0.0041082981042563915
1612.9927002741917,2,0,0,0,0,0.0041082981042563915
9534.500027598111,9,1,0,0,0,0.9177963137626648
1683.7124708717406,1,0,0,0,0,0.0041082981042563915
817.4756201235487,1,0,0,0,0,0.0041082981042563915
201.95347535126677,2,0,0,0,0,0.0041082981042563915
8955.391130996506,9,1,0,0,0,0.8796578645706177
785.1513951878418,2,0,0,0,0,0.0041082981042563915
937.6362703690944,3,0,0,0,0,0.0041082981042563915
9679.187919027905,9,1,0,0,0,0.9177963137626648
1772.4949394937182,1,0,0,0,0,0.0041082981042563915
8660.861231885949,9,1,1,1,1,1.0
479.9925263305569,1,0,0,0,0,0.0041082981042563915
578.8956007655621,1,0,0,0,0,0.0041082981042563915
394.05973417127774,2,0,0,0,0,0.0041082981042563915
1005.163836849619,3,0,0,0,0,0.0041082981042563915
771.1373087815809,3,0,0,0,0,0.0041082981042563915
437.2686272903432,3,0,0,0,0,0.0041082981042563915
100.05696713125408,2,0,0,0,0,0.0041082981042563915
1232.359383745519,1,0,0,0,0,0.0041082981042563915
783.9871515455452,3,0,0,0,0,0.0041082981042563915
1091.0307092967137,1,0,0,0,0,0.0041082981042563915
147.89132417672684,3,0,0,0,0,0.0041082981042563915
2509.8748662441044,1,0,0,0,0,0.0041082981042563915
772.0486898439575,1,0,0,0,0,0.0041082981042563915
455.70589442712526,3,0,0,0,0,0.0041082981042563915
3388.080640703775,2,0,0,0,0,0.0041082981042563915
8621.022184724106,9,1,0,0,0,0.03328726440668106
2074.4905877621754,3,0,0,0,0,0.0041082981042563915
501.489999505949,1,0,0,0,0,0.0041082981042563915
580.206872631813,1,0,0,0,0,0.0041082981042563915
322.9913967632705,1,0,0,0,0,0.0041082981042563915
852.371633937111,3,0,0,0,0,0.0041082981042563915
9317.96786542749,9,1,0,0,0,0.4772148132324219
545.1546802794112,3,0,0,0,0,0.0041082981042563915
2740.518848867123,2,0,0,0,0,0.0041082981042563915
1178.542250991621,3,0,0,0,0,0.0041082981042563915
203.79818773603512,3,0,0,0,0,0.0041082981042563915
5520.422530108493,1,0,0,0,0,0.0041082981042563915
9054.606567402949,9,1,0,0,0,0.8796578645706177
2212.0249635503815,2,0,0,0,0,0.0041082981042563915
7610.096735691342,1,0,0,0,0,0.0041082981042563915
249.5011407773389,1,0,0,0,0,0.0041082981042563915
277.301175479489,2,0,0,0,0,0.0041082981042563915
1041.9017084728303,3,0,0,0,0,0.0041082981042563915
840.6380678646909,3,0,0,0,0,0.0041082981042563915
371.5088932420683,1,0,0,0,0,0.0041082981042563915
628.7967302710612,3,0,0,0,0,0.0041082981042563915
1960.1515983487263,1,0,0,0,0,0.0041082981042563915
763.741608014586,3,0,0,0,0,0.0041082981042563915
895.9788023563082,3,0,0,0,0,0.0041082981042563915
8838.667507917256,9,1,0,0,0,0.8796578645706177
9079.12584437755,9,1,0,0,0,0.8933968544006348
1693.2815039727138,2,0,0,0,0,0.0041082981042563915
9795.341106959895,9,1,0,0,0,0.2785716950893402
315.9323828599283,2,0,0,0,0,0.0041082981042563915
1621.7557861549556,3,0,0,0,0,0.0041082981042563915
8589.676681638632,9,1,0,0,0,0.03328726440668106
9476.852532434556,9,1,0,0,0,0.9177963137626648
9095.452718907763,9,1,0,0,0,0.8933968544006348
337.5441703583841,3,0,0,0,0,0.0041082981042563915
2139.496966728434,3,0,0,0,0,0.0041082981042563915
1609.014426664527,1,0,0,0,0,0.0041082981042563915
2681.719114559299,2,0,0,0,0,0.0041082981042563915
210.2381323464038,1,0,0,0,0,0.0041082981042563915
8821.275277879626,9,1,0,0,0,0.8796578645706177
170.7438693319043,2,0,0,0,0,0.0041082981042563915
2535.450387493068,2,0,0,0,0,0.0041082981042563915
1140.147828268634,2,0,0,0,0,0.0041082981042563915
9902.87527891461,9,1,0,0,0,0.9038791656494141
343.065189948378,2,0,0,0,0,0.0041082981042563915
184.26756708801926,2,0,0,0,0,0.0041082981042563915
840.1769378816068,2,0,0,0,0,0.0041082981042563915
570.8256693005386,3,0,0,0,0,0.0041082981042563915
355.03601502642164,2,0,0,0,0,0.0041082981042563915
4062.4872365490955,2,0,0,0,0,0.0041082981042563915
397.9325957618623,3,0,0,0,0,0.0041082981042563915
639.8467422111559,1,0,0,0,0,0.0041082981042563915
2556.984685027884,1,0,0,0,0,0.0041082981042563915
1406.3982882296489,1,0,0,0,0,0.0041082981042563915
1554.2927438566714,2,0,0,0,0,0.0041082981042563915
2049.9904097839426,3,0,0,0,0,0.0041082981042563915
1687.1921947665,1,0,0,0,0,0.0041082981042563915
389.52259969823103,2,0,0,0,0,0.0041082981042563915
360.53481563168236,3,0,0,0,0,0.0041082981042563915
6883.713431859182,2,0,0,0,0,0.0041082981042563915
1309.4940426910243,3,0,0,0,0,0.0041082981042563915
784.8901939220191,1,0,0,0,0,0.0041082981042563915
444.5545732631103,3,0,0,0,0,0.0041082981042563915
733.63191150803,2,0,0,0,0,0.0041082981042563915
973.9516618206608,3,0,0,0,0,0.0041082981042563915
924.8137989676189,2,0,0,0,0,0.0041082981042563915
2424.4191167670733,3,0,0,0,0,0.0041082981042563915
407.6715721284191,1,0,0,0,0,0.0041082981042563915
642.9710896909614,2,0,0,0,0,0.0041082981042563915
4170.47132640371,3,0,0,0,0,0.0041082981042563915
1250.198760487865,2,0,0,0,0,0.0041082981042563915
1202.4623099768398,2,0,0,0,0,0.0041082981042563915
1846.7216328881107,3,0,0,0,0,0.0041082981042563915
928.0374335886332,1,0,0,0,0,0.0041082981042563915
3019.105329050469,2,0,0,0,0,0.0041082981042563915
8781.226329854786,9,1,0,0,0,0.9175286889076233
4776.636768834757,3,0,0,0,0,0.0041082981042563915
1397.5790815105915,3,0,0,0,0,0.0041082981042563915
974.9528828761163,2,0,0,0,0,0.0041082981042563915
570.1238169350333,1,0,0,0,0,0.0041082981042563915
704.4830617474438,2,0,0,0,0,0.0041082981042563915
747.5585865611702,2,0,0,0,0,0.0041082981042563915
906.2805740611228,2,0,0,0,0,0.0041082981042563915
1173.304105453475,2,0,0,0,0,0.0041082981042563915
9126.011319688414,9,1,0,0,0,0.8933968544006348
2322.620134694596,2,0,0,0,0,0.0041082981042563915
1399.8276333366832,2,0,0,0,0,0.0041082981042563915
1109.2352085844645,2,0,0,0,0,0.0041082981042563915
9450.717416516125,9,1,0,0,0,0.4772148132324219
339.8258808116876,3,0,0,0,0,0.0041082981042563915
2223.526306269159,2,0,0,0,0,0.0041082981042563915
961.9027454143653,1,0,0,0,0,0.0041082981042563915
8781.667464975679,9,1,1,1,1,1.0
1694.0616563723147,1,0,0,0,0,0.0041082981042563915
486.00906294039316,1,0,0,0,0,0.0041082981042563915
141.1506696552255,3,0,0,0,0,0.0041082981042563915
9137.044099113486,9,1,0,0,0,0.8933968544006348
1387.7629876517362,3,0,0,0,0,0.0041082981042563915
1716.1071446788058,2,0,0,0,0,0.0041082981042563915
1285.0330168895634,1,0,0,0,0,0.0041082981042563915
331.6765856119419,2,0,0,0,0,0.0041082981042563915
382.6426363696051,2,0,0,0,0,0.0041082981042563915
762.7620743046149,2,0,0,0,0,0.0041082981042563915
3342.8948915721935,2,0,0,0,0,0.0041082981042563915
9021.503262859133,9,1,0,0,0,0.8796578645706177
813.0034036860411,3,0,0,0,0,0.0041082981042563915
427.89502810999153,3,0,0,0,0,0.0041082981042563915
2323.5907116898584,2,0,0,0,0,0.0041082981042563915
2794.887475218425,3,0,0,0,0,0.0041082981042563915
8709.295857614501,9,1,0,0,0,0.6993576288223267
298.2167267477645,1,0,0,0,0,0.0041082981042563915
766.6139207997835,2,0,0,0,0,0.0041082981042563915
3246.3514192028174,1,0,0,0,0,0.0041082981042563915
404.541032902608,1,0,0,0,0,0.0041082981042563915
9261.781179252588,9,1,1,1,1,1.0
605.2246114952718,1,0,0,0,0,0.0041082981042563915
9222.163563491895,9,1,0,0,0,0.9168692231178284
191.60079466054933,3,0,0,0,0,0.0041082981042563915
1281.042306712191,2,0,0,0,0,0.0041082981042563915
1574.8603078990986,1,0,0,0,0,0.0041082981042563915
2781.757570021957,1,0,0,0,0,0.0041082981042563915
220.90670408869317,1,0,0,0,0,0.0041082981042563915
2841.4042214765523,3,0,0,0,0,0.0041082981042563915
9691.33108706794,9,1,0,0,0,0.2785716950893402
229.11886449490945,1,0,0,0,0,0.0041082981042563915
5441.330522685851,1,0,0,0,0,0.0041082981042563915
1445.5919625593972,3,0,0,0,0,0.0041082981042563915
758.8097166108738,2,0,0,0,0,0.0041082981042563915
9167.079066226135,9,1,0,0,0,0.9168692231178284
8751.501188653861,3,0,0,0,0,0.1159508228302002
467.2928142523232,2,0,0,0,0,0.0041082981042563915
2086.674218875814,3,0,0,0,0,0.0041082981042563915
593.4916818930963,3,0,0,0,0,0.0041082981042563915
565.7057456088817,2,0,0,0,0,0.0041082981042563915
1863.2260608190402,2,0,0,0,0,0.0041082981042563915
2684.326082540709,1,0,0,0,0,0.0041082981042563915
803.9330735042712,1,0,0,0,0,0.0041082981042563915
645.8456689159411,2,0,0,0,0,0.0041082981042563915
6200.043613289313,2,0,0,0,0,0.0041082981042563915
291.0826601286888,1,0,0,0,0,0.0041082981042563915
516.5169384880763,3,0,0,0,0,0.0041082981042563915
1221.555645045066,2,0,0,0,0,0.0041082981042563915
615.5161060114343,1,0,0,0,0,0.0041082981042563915
7164.149357352957,2,0,0,0,0,0.0041082981042563915
9661.586947168611,9,1,0,0,0,0.9177963137626648
946.2164229220535,2,0,0,0,0,0.0041082981042563915
662.5143768889643,2,0,0,0,0,0.0041082981042563915
1286.9001403671052,1,0,0,0,0,0.0041082981042563915
9426.06557384987,9,1,0,0,0,0.4772148132324219
436.6577040285003,2,0,0,0,0,0.0041082981042563915
1726.6969401009126,2,0,0,0,0,0.0041082981042563915
1133.178837596835,3,0,0,0,0,0.0041082981042563915
8677.480225684825,9,1,0,0,0,0.6993576288223267
799.3168358527449,2,0,0,0,0,0.0041082981042563915
6424.858676075067,2,0,0,0,0,0.0041082981042563915
6334.024066727927,2,0,0,0,0,0.0041082981042563915
1109.2632017194167,1,0,0,0,0,0.0041082981042563915
9350.604722210435,9,1,0,0,0,0.4772148132324219
1201.7332614204865,2,0,0,0,0,0.0041082981042563915
26340.25560645093,3,0,0,0,0,0.017227690666913986
448.93107960222164,3,0,0,0,0,0.0041082981042563915
9501.827780451935,9,1,0,0,0,0.9177963137626648
1406.7482612490057,2,0,0,0,0,0.0041082981042563915
9561.05799770777,9,1,0,0,0,0.9177963137626648
98.50211639591149,2,0,0,0,0,0.0041082981042563915
1682.2550108018756,2,0,0,0,0,0.0041082981042563915
1404.8220249474782,1,0,0,0,0,0.0041082981042563915
651.5874310287463,2,0,0,0,0,0.0041082981042563915
245.5158015911575,1,0,0,0,0,0.0041082981042563915
1669.3483150213838,1,0,0,0,0,0.0041082981042563915
1103.606864434469,2,0,0,0,0,0.0041082981042563915
467.1996346157132,1,0,0,0,0,0.0041082981042563915
9417.719291882335,9,1,0,0,0,0.4772148132324219
585.1884407338548,3,0,0,0,0,0.0041082981042563915
1130.7444415140446,3,0,0,0,0,0.0041082981042563915
804.8480165522564,3,0,0,0,0,0.0041082981042563915
3184.276013256377,1,0,0,0,0,0.0041082981042563915
2601.4597628269853,3,0,0,0,0,0.0041082981042563915
1384.2005339267464,3,0,0,0,0,0.0041082981042563915
1624.2922610972366,1,0,0,0,0,0.0041082981042563915
5591.131426930455,3,0,0,0,0,0.0041082981042563915
2980.434120502153,1,0,0,0,0,0.0041082981042563915
304.5790907480105,2,0,0,0,0,0.0041082981042563915
1437.0436182142537,3,0,0,0,0,0.0041082981042563915
878.1147702362475,3,0,0,0,0,0.0041082981042563915
75.72933234994593,1,0,0,0,0,0.0041082981042563915
1701.1957734590767,2,0,0,0,0,0.0041082981042563915
1132.4148580157387,3,0,0,0,0,0.0041082981042563915
358.746455544751,1,0,0,0,0,0.0041082981042563915
9700.074847390102,9,1,0,0,0,0.2785716950893402
1487.2991152886025,2,0,0,0,0,0.0041082981042563915
1172.0924108295246,3,0,0,0,0,0.0041082981042563915
112.08552036727751,1,0,0,0,0,0.0041082981042563915
450.8806574100156,2,0,0,0,0,0.0041082981042563915
4142.109965269902,3,0,0,0,0,0.0041082981042563915
851.1789862292617,1,0,0,0,0,0.0041082981042563915
2889.959797979132,2,0,0,0,0,0.0041082981042563915
2212.6664954272046,3,0,0,0,0,0.0041082981042563915
695.7681727077555,2,0,0,0,0,0.0041082981042563915
1566.9260656596396,2,0,0,0,0,0.0041082981042563915
8535.931562936405,9,1,0,0,0,0.03328726440668106
851.9115149104572,2,0,0,0,0,0.0041082981042563915
8928.784905458753,9,1,0,0,0,0.8796578645706177
9806.24222102508,9,1,0,0,0,0.2785716950893402
2133.214143688378,1,0,0,0,0,0.0041082981042563915
8616.076691805396,9,1,0,0,0,0.03328726440668106
1365.6455160475973,1,0,0,0,0,0.0041082981042563915
380.4915304381666,2,0,0,0,0,0.0041082981042563915
5288.843614035661,3,0,0,0,0,0.0041082981042563915
9015.867476016958,9,1,0,0,0,0.8796578645706177
905.6887238674335,1,0,0,0,0,0.0041082981042563915
1277.3750538670267,2,0,0,0,0,0.0041082981042563915
276.80515647223797,3,0,0,0,0,0.0041082981042563915
6169.358953427337,2,0,0,0,0,0.0041082981042563915
787.2232087021727,3,0,0,0,0,0.0041082981042563915
227.68423716541463,3,0,0,0,0,0.0041082981042563915
486.4134121968587,1,0,0,0,0,0.0041082981042563915
1913.2017810850352,1,0,0,0,0,0.0041082981042563915
717.9453080676125,1,0,0,0,0,0.0041082981042563915
1509.298517303418,2,0,0,0,0,0.0041082981042563915
397.1924479578314,2,0,0,0,0,0.0041082981042563915
387.39934524402474,2,0,0,0,0,0.0041082981042563915
2536.3699994111375,1,0,0,0,0,0.0041082981042563915
1656.9479613559004,2,0,0,0,0,0.0041082981042563915
474.63049493764686,3,0,0,0,0,0.0041082981042563915
4728.882956798925,2,0,0,0,0,0.0041082981042563915
520.037925904432,3,0,0,0,0,0.0041082981042563915
5813.206617561743,2,0,0,0,0,0.0041082981042563915
1052.8304403554741,3,0,0,0,0,0.0041082981042563915
1006.1629827054229,1,0,0,0,0,0.0041082981042563915
1659.7286983686452,1,0,0,0,0,0.0041082981042563915
321.949350385579,2,0,0,0,0,0.0041082981042563915
1246.1828063684475,2,0,0,0,0,0.0041082981042563915
459.87409805277423,1,0,0,0,0,0.0041082981042563915
9223.924645818204,9,1,0,0,0,0.9168692231178284
1802.9162000408467,1,0,0,0,0,0.0041082981042563915
1541.9319281837224,1,0,0,0,0,0.0041082981042563915
363.6745237891622,1,0,0,0,0,0.0041082981042563915
379.0187166411248,2,0,0,0,0,0.0041082981042563915
723.8923835415789,3,0,0,0,0,0.0041082981042563915
797.0308637840966,3,0,0,0,0,0.0041082981042563915
528.9617707620131,1,0,0,0,0,0.0041082981042563915
876.6792439567388,2,0,0,0,0,0.0041082981042563915
4289.228804081714,1,0,0,0,0,0.0041082981042563915
293.8794910560244,3,0,0,0,0,0.0041082981042563915
2069.6834395567344,2,0,0,0,0,0.0041082981042563915
8842.73975839051,9,1,1,1,1,1.0
175.75556142638388,3,0,0,0,0,0.0041082981042563915
2403.8911997132172,2,0,0,0,0,0.0041082981042563915
5093.680801911009,1,0,0,0,0,0.0041082981042563915
1887.7751933653994,1,0,0,0,0,0.0041082981042563915
643.259135291297,3,0,0,0,0,0.0041082981042563915
2540.9876866925383,2,0,0,0,0,0.0041082981042563915
585.4685480923654,1,0,0,0,0,0.0041082981042563915
832.8534936883165,1,0,0,0,0,0.0041082981042563915
275.2881823058559,1,0,0,0,0,0.0041082981042563915
3314.272328934238,3,0,0,0,0,0.0041082981042563915
4172.147206992372,2,0,0,0,0,0.0041082981042563915
9944.406288421009,9,1,0,0,0,0.2062346190214157
714.5637222850002,2,0,0,0,0,0.0041082981042563915
907.5563510785476,2,0,0,0,0,0.0041082981042563915
9061.321440736958,9,1,0,0,0,0.8796578645706177
916.693683576053,1,0,0,0,0,0.0041082981042563915
158.0895997595826,1,0,0,0,0,0.0041082981042563915
1629.3458177364266,1,0,0,0,0,0.0041082981042563915
8594.612638885103,9,1,0,0,0,0.03328726440668106
3481.8256111080564,1,0,0,0,0,0.0041082981042563915
2061.704250532964,1,0,0,0,0,0.0041082981042563915
313.6735470131172,3,0,0,0,0,0.0041082981042563915
1250.7339485242492,1,0,0,0,0,0.0041082981042563915
8733.480748790895,9,1,0,0,0,0.6993576288223267
9972.23430018045,9,1,0,0,0,0.2062346190214157
1757.3082652064438,2,0,0,0,0,0.0041082981042563915
2127.4215178406125,1,0,0,0,0,0.0041082981042563915
8645.118413808152,9,1,0,0,0,0.8673214316368103
418.3680534008845,1,0,0,0,0,0.0041082981042563915
1259.2120309523423,2,0,0,0,0,0.0041082981042563915
5243.3611979786765,3,0,0,0,0,0.0041082981042563915
9817.266666054027,9,1,0,0,0,0.2785716950893402
2639.778526930997,1,0,0,0,0,0.0041082981042563915
1162.4374515962213,1,0,0,0,0,0.0041082981042563915
1615.990145954498,1,0,0,0,0,0.0041082981042563915
345.0372353418744,1,0,0,0,0,0.0041082981042563915
8736.127488634902,9,1,0,0,0,0.6993576288223267
481.90643777565,3,0,0,0,0,0.0041082981042563915
748.6429038931738,2,0,0,0,0,0.0041082981042563915
784.5536599414639,3,0,0,0,0,0.0041082981042563915
1136.3498029167044,3,0,0,0,0,0.0041082981042563915
994.97081153391,2,0,0,0,0,0.0041082981042563915
684.3539075762768,2,0,0,0,0,0.0041082981042563915
941.5029369671645,3,0,0,0,0,0.0041082981042563915
3192.2189704728494,2,0,0,0,0,0.0041082981042563915
4597.2542707792445,3,0,0,0,0,0.0041082981042563915
3608.8446302863704,3,0,0,0,0,0.0041082981042563915
1171.4888000605963,1,0,0,0,0,0.0041082981042563915
727.1063617967353,1,0,0,0,0,0.0041082981042563915
1342.523313316596,2,0,0,0,0,0.0041082981042563915
185.86822229905084,1,0,0,0,0,0.0041082981042563915
5491.391674550483,2,0,0,0,0,0.0041082981042563915
370.7811245634252,1,0,0,0,0,0.0041082981042563915
9669.024895964596,9,1,0,0,0,0.9177963137626648
888.3004102713883,1,0,0,0,0,0.0041082981042563915
1631.0696482497797,3,0,0,0,0,0.0041082981042563915
390.62082382368993,1,0,0,0,0,0.0041082981042563915
693.2042681975006,3,0,0,0,0,0.0041082981042563915
2471.5512965312164,3,0,0,0,0,0.0041082981042563915
1917.06175950501,1,0,0,0,0,0.0041082981042563915
5319.269476238713,1,0,0,0,0,0.0041082981042563915
2481.89054977806,2,0,0,0,0,0.0041082981042563915
9088.33461666315,9,1,0,0,0,0.8933968544006348
9962.870413011477,9,1,0,0,0,0.2062346190214157
3217.1146244834495,3,0,0,0,0,0.0041082981042563915
700.2488640773784,1,0,0,0,0,0.0041082981042563915
1736.081379504983,2,0,0,0,0,0.0041082981042563915
482.3226655944074,1,0,0,0,0,0.0041082981042563915
20031.61729911824,1,0,0,0,0,0.017227690666913986
742.1386240159893,2,0,0,0,0,0.0041082981042563915
8744.924158524032,9,1,0,0,0,0.9175286889076233
709.522725972449,3,0,0,0,0,0.0041082981042563915
11244.710287019867,2,0,0,0,0,0.017227690666913986
556.5380598518383,1,0,0,0,0,0.0041082981042563915
1264.491995690444,1,0,0,0,0,0.0041082981042563915
258.2536252386914,3,0,0,0,0,0.0041082981042563915
375.353023289068,3,0,0,0,0,0.0041082981042563915
1425.1549335265584,2,0,0,0,0,0.0041082981042563915
108.84192098334152,3,0,0,0,0,0.0041082981042563915
431.1182092885469,1,0,0,0,0,0.0041082981042563915
1178.6553192546357,3,0,0,0,0,0.0041082981042563915
4136.834381855799,1,0,0,0,0,0.0041082981042563915
650.2008426340726,1,0,0,0,0,0.0041082981042563915
470.75555473937754,1,0,0,0,0,0.0041082981042563915
299.9235689185491,3,0,0,0,0,0.0041082981042563915
718.1666807197973,2,0,0,0,0,0.0041082981042563915
350.9244643091978,2,0,0,0,0,0.0041082981042563915
1713.90757825084,1,0,0,0,0,0.0041082981042563915
560.5170843514848,3,0,0,0,0,0.0041082981042563915
9508.607238632656,9,1,1,1,1,1.0
9301.81233131083,9,1,0,0,0,0.9272543787956238
9800.087257711271,9,1,0,0,0,0.2785716950893402
8651.558142737442,9,1,0,0,0,0.8673214316368103
705.8110579886816,1,0,0,0,0,0.0041082981042563915
942.8885814760648,1,0,0,0,0,0.0041082981042563915
726.5895065161681,2,0,0,0,0,0.0041082981042563915
202.89032579838832,2,0,0,0,0,0.0041082981042563915
2386.9983507986817,1,0,0,0,0,0.0041082981042563915
2345.2166985536924,3,0,0,0,0,0.0041082981042563915
935.2511741058088,2,0,0,0,0,0.0041082981042563915
1383.2088368748023,2,0,0,0,0,0.0041082981042563915
563.6820169173758,1,0,0,0,0,0.0041082981042563915
1611.5487725444148,2,0,0,0,0,0.0041082981042563915
3259.136287298464,3,0,0,0,0,0.0041082981042563915
9947.158514269122,9,1,0,0,0,0.2062346190214157
2449.3672855211626,2,0,0,0,0,0.0041082981042563915
9280.165708207074,9,1,0,0,0,0.9272543787956238
9273.117758755789,9,1,0,0,0,0.9272543787956238
8552.728797294445,9,1,0,0,0,0.03328726440668106
4906.786080105948,3,0,0,0,0,0.0041082981042563915
752.8333802674881,2,0,0,0,0,0.0041082981042563915
324.87479131895583,1,0,0,0,0,0.0041082981042563915
464.38202216686847,3,0,0,0,0,0.0041082981042563915
782.6415791987486,2,0,0,0,0,0.0041082981042563915
6772.6394044586705,1,0,0,0,0,0.0041082981042563915
1109.931055929153,2,0,0,0,0,0.0041082981042563915
1308.4170914653887,3,0,0,0,0,0.0041082981042563915
1459.4663579033095,1,0,0,0,0,0.0041082981042563915
9655.389047284389,9,1,1,1,1,1.0
451.3776471812264,3,0,0,0,0,0.0041082981042563915
3723.954196113508,1,0,0,0,0,0.0041082981042563915
1386.3101008325955,3,0,0,0,0,0.0041082981042563915
9847.48344290445,9,1,0,0,0,0.2785716950893402
9427.453452476293,9,1,0,0,0,0.4772148132324219
110.90904948155519,3,0,0,0,0,0.0041082981042563915
1762.8676143639213,3,0,0,0,0,0.0041082981042563915
4232.8259444460955,2,0,0,0,0,0.0041082981042563915
9502.752540828378,9,1,0,0,0,0.9177963137626648
2087.9516514045736,2,0,0,0,0,0.0041082981042563915
9960.651267540161,9,1,0,0,0,0.2062346190214157
1012.6052954640671,2,0,0,0,0,0.0041082981042563915
257.7197464847005,2,0,0,0,0,0.0041082981042563915
2586.280135671102,2,0,0,0,0,0.0041082981042563915
6536.57366069251,1,0,0,0,0,0.0041082981042563915
361.24966626254957,3,0,0,0,0,0.0041082981042563915
9937.10258143193,9,1,0,0,0,0.2062346190214157
2774.6974454463198,2,0,0,0,0,0.0041082981042563915
674.3114464651624,2,0,0,0,0,0.0041082981042563915
2187.4359855779153,2,0,0,0,0,0.0041082981042563915
6618.304659711638,1,0,0,0,0,0.0041082981042563915
3188.233933380586,3,0,0,0,0,0.0041082981042563915
279.17555148911543,1,0,0,0,0,0.0041082981042563915
1504.9188593453396,3,0,0,0,0,0.0041082981042563915
128.08716007358305,3,0,0,0,0,0.0041082981042563915
1686.315683137478,2,0,0,0,0,0.0041082981042563915
1120.8606935244013,1,0,0,0,0,0.0041082981042563915
448.38576923147474,2,0,0,0,0,0.0041082981042563915
1211.3339544176854,1,0,0,0,0,0.0041082981042563915
9582.138262489501,9,1,1,1,1,1.0
679.1872271466303,1,0,0,0,0,0.0041082981042563915
4737.680226592376,1,0,0,0,0,0.0041082981042563915
1383.9212182874303,2,0,0,0,0,0.0041082981042563915
1319.9189991475353,1,0,0,0,0,0.0041082981042563915
878.717874492815,2,0,0,0,0,0.0041082981042563915
4889.9693337593435,3,0,0,0,0,0.0041082981042563915
717.1078675755684,2,0,0,0,0,0.0041082981042563915
9557.989708440602,9,1,0,0,0,0.9177963137626648
2551.3685755721376,2,0,0,0,0,0.0041082981042563915
1156.502157922734,1,0,0,0,0,0.0041082981042563915
2621.3081812083483,1,0,0,0,0,0.0041082981042563915
4797.974113199101,3,0,0,0,0,0.0041082981042563915
448.2149789496812,1,0,0,0,0,0.0041082981042563915
9154.56456651892,9,1,1,1,1,1.0
8578.81140949426,9,1,0,0,0,0.03328726440668106
441.1677180031611,3,0,0,0,0,0.0041082981042563915
397.3955348996724,3,0,0,0,0,0.0041082981042563915
629.3407111416475,3,0,0,0,0,0.0041082981042563915
4107.877108880864,3,0,0,0,0,0.0041082981042563915
9692.887059185288,9,1,0,0,0,0.2785716950893402
1031.403375318022,1,0,0,0,0,0.0041082981042563915
1486.7781302355759,1,0,0,0,0,0.0041082981042563915
1713.5493601833002,1,0,0,0,0,0.0041082981042563915
8594.929389575134,9,1,0,0,0,0.03328726440668106
1283.1183016843067,3,0,0,0,0,0.0041082981042563915
2527.81670300317,1,0,0,0,0,0.0041082981042563915
1547.823306814763,3,0,0,0,0,0.0041082981042563915
9059.217820749522,9,1,0,0,0,0.8796578645706177
1464.2806818060938,3,0,0,0,0,0.0041082981042563915
2474.425903627922,2,0,0,0,0,0.0041082981042563915
9952.159729721037,9,1,0,0,0,0.2062346190214157
130.05451637341307,1,0,0,0,0,0.0041082981042563915
1552.634512320657,2,0,0,0,0,0.0041082981042563915
542.0329197439273,3,0,0,0,0,0.0041082981042563915
229.64210967376255,2,0,0,0,0,0.0041082981042563915
2397.9040982965435,1,0,0,0,0,0.0041082981042563915
1043.2270169779447,3,0,0,0,0,0.0041082981042563915
1131.0676379900706,1,0,0,0,0,0.0041082981042563915
960.8048738654562,3,0,0,0,0,0.0041082981042563915
1129.025270042893,2,0,0,0,0,0.0041082981042563915
2513.720088908871,3,0,0,0,0,0.0041082981042563915
3455.8117596047364,1,0,0,0,0,0.0041082981042563915
823.6758364659598,3,0,0,0,0,0.0041082981042563915
480.8324075351356,2,0,0,0,0,0.0041082981042563915
1303.2128501813133,1,0,0,0,0,0.0041082981042563915
302.65011996693454,2,0,0,0,0,0.0041082981042563915
1580.4651361147432,3,0,0,0,0,0.0041082981042563915
3834.2342068883136,3,0,0,0,0,0.0041082981042563915
6179.516683782136,3,0,0,0,0,0.0041082981042563915
9086.868755684962,9,1,0,0,0,0.8933968544006348
1039.211414453928,2,0,0,0,0,0.0041082981042563915
1155.7061233480333,1,0,0,0,0,0.0041082981042563915
1396.3884747845757,2,0,0,0,0,0.0041082981042563915
1323.4186943588768,3,0,0,0,0,0.0041082981042563915
1707.0903050948205,2,0,0,0,0,0.0041082981042563915
420.3624852486433,2,0,0,0,0,0.0041082981042563915
334.0320497395548,1,0,0,0,0,0.0041082981042563915
3537.753122542775,3,0,0,0,0,0.0041082981042563915
2385.914042090059,2,0,0,0,0,0.0041082981042563915
693.0897546207619,1,0,0,0,0,0.0041082981042563915
8573.62734798131,9,1,0,0,0,0.03328726440668106
6146.669815855723,3,0,0,0,0,0.0041082981042563915
645.8112580789727,1,0,0,0,0,0.0041082981042563915
14035.259141980034,2,0,0,0,0,0.017227690666913986
2351.776978219297,1,0,0,0,0,0.0041082981042563915
4048.0952535542765,2,0,0,0,0,0.0041082981042563915
236.54503084792972,2,0,0,0,0,0.0041082981042563915
9872.701541960185,9,1,0,0,0,0.2785716950893402
350.66771033786085,3,0,0,0,0,0.0041082981042563915
115.90042817171836,1,0,0,0,0,0.0041082981042563915
9904.067868105825,9,1,1,1,1,1.0
895.2347865425376,1,0,0,0,0,0.0041082981042563915
550.9409958070727,2,0,0,0,0,0.0041082981042563915
9310.174561563961,9,1,1,1,1,1.0
1364.6982170000692,3,0,0,0,0,0.0041082981042563915
9989.320952183483,9,1,0,0,0,0.2062346190214157
2929.94670088978,2,0,0,0,0,0.0041082981042563915
3826.3448033448303,1,0,0,0,0,0.0041082981042563915
1713.121118791277,1,0,0,0,0,0.0041082981042563915
1585.6517239191685,1,0,0,0,0,0.0041082981042563915
814.5832536970629,2,0,0,0,0,0.0041082981042563915
2162.269326028799,3,0,0,0,0,0.0041082981042563915
9438.358345491923,9,1,0,0,0,0.4772148132324219
8557.77445698583,9,1,0,0,0,0.03328726440668106
1547.8857186083458,3,0,0,0,0,0.0041082981042563915
8782.522980215439,9,1,0,0,0,0.9175286889076233
1370.7039824210342,3,0,0,0,0,0.0041082981042563915
1727.482349484231,2,0,0,0,0,0.0041082981042563915
1448.2970927547506,1,0,0,0,0,0.0041082981042563915
84.37369295587982,1,0,0,0,0,0.0041082981042563915
1377.7793703272264,3,0,0,0,0,0.0041082981042563915
1867.4127310494755,2,0,0,0,0,0.0041082981042563915
3058.9801126929788,3,0,0,0,0,0.0041082981042563915
376.2476569658138,1,0,0,0,0,0.0041082981042563915
8634.540099641541,9,1,0,0,0,0.03328726440668106
967.7666263033055,1,0,0,0,0,0.0041082981042563915
822.7205877294103,2,0,0,0,0,0.0041082981042563915
473.3540000433592,2,0,0,0,0,0.0041082981042563915
8730.2491469741,9,1,0,0,0,0.6993576288223267
1908.583268027859,2,0,0,0,0,0.0041082981042563915
419.01590710742727,1,0,0,0,0,0.0041082981042563915
8792.491237397413,9,1,0,0,0,0.8796578645706177
8995.743384052412,9,1,0,0,0,0.8796578645706177
9282.854090079576,9,1,0,0,0,0.9272543787956238
3596.5311600474383,1,0,0,0,0,0.0041082981042563915
362.4745692194719,2,0,0,0,0,0.0041082981042563915
9755.376139937878,9,1,0,0,0,0.2785716950893402
9816.34298955865,9,1,0,0,0,0.2785716950893402
244.0801229066832,3,0,0,0,0,0.0041082981042563915
9867.760745647167,9,1,0,0,0,0.2785716950893402
2569.034881437778,3,0,0,0,0,0.0041082981042563915
1577.2756062120188,3,0,0,0,0,0.0041082981042563915
9352.2860023409,9,1,0,0,0,0.4772148132324219
9213.911425684462,2,0,0,0,0,0.09397587180137634
2177.100087786031,3,0,0,0,0,0.0041082981042563915
205.47349659857022,1,0,0,0,0,0.0041082981042563915
107.7317119195481,2,0,0,0,0,0.0041082981042563915
325.09227850701023,1,0,0,0,0,0.0041082981042563915
8560.558444034403,9,1,0,0,0,0.03328726440668106
1390.9407591402207,1,0,0,0,0,0.0041082981042563915
13595.226772844953,2,0,0,0,0,0.017227690666913986
1035.9202683301307,3,0,0,0,0,0.0041082981042563915
2292.7690735308597,3,0,0,0,0,0.0041082981042563915
474.6614324838814,1,0,0,0,0,0.0041082981042563915
4245.3769337815465,2,0,0,0,0,0.0041082981042563915
540.630185895791,1,0,0,0,0,0.0041082981042563915
338.11473162763616,2,0,0,0,0,0.0041082981042563915
2968.1715007811017,2,0,0,0,0,0.0041082981042563915
537.0682470775248,2,0,0,0,0,0.0041082981042563915
863.198237850688,3,0,0,0,0,0.0041082981042563915
796.580971759546,1,0,0,0,0,0.0041082981042563915
389.2984399058692,2,0,0,0,0,0.0041082981042563915
739.710451429469,3,0,0,0,0,0.0041082981042563915
9556.55264624173,9,1,0,0,0,0.9177963137626648
324.14370116393223,3,0,0,0,0,0.0041082981042563915
3686.8172716369954,1,0,0,0,0,0.0041082981042563915
9278.80484756643,9,1,1,1,1,1.0
1164.894644988776,3,0,0,0,0,0.0041082981042563915
1078.3623670175973,2,0,0,0,0,0.0041082981042563915
170.40106199784069,3,0,0,0,0,0.0041082981042563915
978.5310732589213,1,0,0,0,0,0.0041082981042563915
7715.70051776492,2,0,0,0,0,0.0041082981042563915
921.3382808841291,2,0,0,0,0,0.0041082981042563915
408.7660230525669,3,0,0,0,0,0.0041082981042563915
789.559169858884,3,0,0,0,0,0.0041082981042563915
2298.505105107604,2,0,0,0,0,0.0041082981042563915
1024.561242687302,2,0,0,0,0,0.0041082981042563915
590.1248152938164,3,0,0,0,0,0.0041082981042563915
9519.947789699214,9,1,0,0,0,0.9177963137626648
2078.966989151409,1,0,0,0,0,0.0041082981042563915
1383.2206862664088,2,0,0,0,0,0.0041082981042563915
389.8226719153914,3,0,0,0,0,0.0041082981042563915
756.0332968626109,2,0,0,0,0,0.0041082981042563915
824.7793810121528,2,0,0,0,0,0.0041082981042563915
935.7657358697239,1,0,0,0,0,0.0041082981042563915
9614.446481872355,9,1,0,0,0,0.9177963137626648
246.06466818354707,2,0,0,0,0,0.0041082981042563915
8560.102419799292,9,1,0,0,0,0.03328726440668106
1611.6889375345422,1,0,0,0,0,0.0041082981042563915
316.01640321222266,3,0,0,0,0,0.0041082981042563915
467.9974329786421,1,0,0,0,0,0.0041082981042563915
1081.7692868005431,1,0,0,0,0,0.0041082981042563915
952.6133605152673,3,0,0,0,0,0.0041082981042563915
594.6084971183989,1,0,0,0,0,0.0041082981042563915
2386.939759435085,3,0,0,0,0,0.0041082981042563915
9945.595419142326,9,1,0,0,0,0.2062346190214157
3415.395860887067,3,0,0,0,0,0.0041082981042563915
793.3054225456699,3,0,0,0,0,0.0041082981042563915
225.51926790467823,3,0,0,0,0,0.0041082981042563915
137.96728116082517,3,0,0,0,0,0.0041082981042563915
2277.365772670905,1,0,0,0,0,0.0041082981042563915
1317.1616525453978,3,0,0,0,0,0.0041082981042563915
4269.224933057324,2,0,0,0,0,0.0041082981042563915
9347.051788035427,9,1,0,0,0,0.4772148132324219
203.2430762414955,1,0,0,0,0,0.0041082981042563915
1433.2666122597184,1,0,0,0,0,0.0041082981042563915
9962.628300560102,9,1,0,0,0,0.2062346190214157
739.0716540996405,3,0,0,0,0,0.0041082981042563915
1878.1348079787713,2,0,0,0,0,0.0041082981042563915
1426.172020445255,3,0,0,0,0,0.0041082981042563915
84.21234780978534,3,0,0,0,0,0.0041082981042563915
916.3410183521238,3,0,0,0,0,0.0041082981042563915
1366.4845293994524,2,0,0,0,0,0.0041082981042563915
3315.2513111888647,3,0,0,0,0,0.0041082981042563915
1200.6098402587795,2,0,0,0,0,0.0041082981042563915
570.0458084564095,1,0,0,0,0,0.0041082981042563915
366.2127400650805,2,0,0,0,0,0.0041082981042563915
1336.4740004668802,2,0,0,0,0,0.0041082981042563915
1828.4462007593554,3,0,0,0,0,0.0041082981042563915
1012.5937994716196,2,0,0,0,0,0.0041082981042563915
9146.18346009927,9,1,0,0,0,0.9168692231178284
1109.2567096876853,2,0,0,0,0,0.0041082981042563915
9064.72427780444,9,1,0,0,0,0.8796578645706177
434.16474489080974,3,0,0,0,0,0.0041082981042563915
360.1829000320448,2,0,0,0,0,0.0041082981042563915
2491.2216096037646,1,0,0,0,0,0.0041082981042563915
471.04549044144994,2,0,0,0,0,0.0041082981042563915
1146.205703489986,2,0,0,0,0,0.0041082981042563915
1284.4926377233155,3,0,0,0,0,0.0041082981042563915
8952.3455351787,9,1,0,0,0,0.8796578645706177
546.7859383874006,3,0,0,0,0,0.0041082981042563915
2206.5748082051364,3,0,0,0,0,0.0041082981042563915
8567.627003818208,9,1,0,0,0,0.03328726440668106
9917.334316641838,9,1,0,0,0,0.9038791656494141
132.07177846312837,1,0,0,0,0,0.0041082981042563915
9751.226788826078,9,1,0,0,0,0.2785716950893402
1756.6015667419474,3,0,0,0,0,0.0041082981042563915
9367.887309600614,9,1,0,0,0,0.4772148132324219
8641.334794178523,9,1,0,0,0,0.8673214316368103
1702.1315643807054,1,0,0,0,0,0.0041082981042563915
8802.599010162703,9,1,0,0,0,0.8796578645706177
1745.9955880394994,2,0,0,0,0,0.0041082981042563915
1558.932246305605,1,0,0,0,0,0.0041082981042563915
791.348138112065,3,0,0,0,0,0.0041082981042563915
1523.3421794506505,3,0,0,0,0,0.0041082981042563915
175.66766022461837,1,0,0,0,0,0.0041082981042563915
605.3761765957723,1,0,0,0,0,0.0041082981042563915
857.6863729626966,2,0,0,0,0,0.0041082981042563915
1503.5811929389374,2,0,0,0,0,0.0041082981042563915
9346.024627858409,9,1,0,0,0,0.4772148132324219
1716.5974159217128,3,0,0,0,0,0.0041082981042563915
1439.9587628845013,2,0,0,0,0,0.0041082981042563915
2544.8323864890904,1,0,0,0,0,0.0041082981042563915
9917.594784084886,9,1,1,1,1,1.0
9343.439352734067,9,1,0,0,0,0.4772148132324219
3662.325550353928,3,0,0,0,0,0.0041082981042563915
371.0367716449906,2,0,0,0,0,0.0041082981042563915
11879.889394952042,2,0,0,0,0,0.017227690666913986
545.9766322213937,1,0,0,0,0,0.0041082981042563915
1292.5737994555018,3,0,0,0,0,0.0041082981042563915
249.0900811074859,1,0,0,0,0,0.0041082981042563915
9107.08609818223,9,1,0,0,0,0.8933968544006348
2095.368455647081,1,0,0,0,0,0.0041082981042563915
462.5037824829813,2,0,0,0,0,0.0041082981042563915
959.274275430014,2,0,0,0,0,0.0041082981042563915
1210.7978736671155,2,0,0,0,0,0.0041082981042563915
4284.000892081835,1,0,0,0,0,0.0041082981042563915
731.2319646757779,3,0,0,0,0,0.0041082981042563915
2772.316362152006,2,0,0,0,0,0.0041082981042563915
893.2248234161495,3,0,0,0,0,0.0041082981042563915
221.12365344156478,3,0,0,0,0,0.0041082981042563915
1200.4956373507898,1,0,0,0,0,0.0041082981042563915
9895.096048328385,9,1,0,0,0,0.2785716950893402
9184.149382994867,9,1,0,0,0,0.9168692231178284
825.2085662499313,1,0,0,0,0,0.0041082981042563915
1980.107317135673,3,0,0,0,0,0.0041082981042563915
636.8311132397358,3,0,0,0,0,0.0041082981042563915
1852.9002167850836,2,0,0,0,0,0.0041082981042563915
9479.134635649205,9,1,1,1,1,1.0
3162.8339961696415,2,0,0,0,0,0.0041082981042563915
8965.670623436543,9,1,0,0,0,0.8796578645706177
9143.110155914761,9,1,0,0,0,0.9168692231178284
4680.5871901455575,2,0,0,0,0,0.0041082981042563915
8740.721880564794,9,1,0,0,0,0.6993576288223267
677.7367079318465,2,0,0,0,0,0.0041082981042563915
951.4591804373548,1,0,0,0,0,0.0041082981042563915
9244.129806176523,9,1,0,0,0,0.9168692231178284
516.1887120466764,1,0,0,0,0,0.0041082981042563915
8808.523869726498,9,1,0,0,0,0.8796578645706177
3819.787168741823,2,0,0,0,0,0.0041082981042563915
970.0187124577113,2,0,0,0,0,0.0041082981042563915
1784.640870162823,1,0,0,0,0,0.0041082981042563915
189.099174198124,2,0,0,0,0,0.0041082981042563915
439.15124885257023,2,0,0,0,0,0.0041082981042563915
335.3102536679271,2,0,0,0,0,0.0041082981042563915
4464.0932450300015,3,0,0,0,0,0.0041082981042563915
3391.3124970666786,2,0,0,0,0,0.0041082981042563915
203.06616233355962,3,0,0,0,0,0.0041082981042563915
569.7583391754617,1,0,0,0,0,0.0041082981042563915
1972.8987103193783,1,0,0,0,0,0.0041082981042563915
9192.12906857958,9,1,0,0,0,0.9168692231178284
9244.389127790577,9,1,0,0,0,0.9272543787956238
9198.170403095526,9,1,0,0,0,0.9168692231178284
9956.73392415142,9,1,0,0,0,0.2062346190214157
908.9853787563013,3,0,0,0,0,0.0041082981042563915
257.9814098748518,3,0,0,0,0,0.0041082981042563915
510.0275391379837,1,0,0,0,0,0.0041082981042563915
456.2948593070968,3,0,0,0,0,0.0041082981042563915
395.19407781941106,2,0,0,0,0,0.0041082981042563915
1325.8955446079513,1,0,0,0,0,0.0041082981042563915
1501.2858059534963,3,0,0,0,0,0.0041082981042563915
1501.0320914590147,2,0,0,0,0,0.0041082981042563915
8392.328575512469,2,0,0,0,0,0.0041082981042563915
8926.31130472554,9,1,0,0,0,0.8796578645706177
471.9012415586354,3,0,0,0,0,0.0041082981042563915
684.1820015471213,2,0,0,0,0,0.0041082981042563915
183.6978868028263,1,0,0,0,0,0.0041082981042563915
1379.1344539819936,1,0,0,0,0,0.0041082981042563915
1192.278042326648,3,0,0,0,0,0.0041082981042563915
8508.204190143106,9,1,0,0,0,0.03328726440668106
4177.206946009951,2,0,0,0,0,0.0041082981042563915
155.86103537062542,1,0,0,0,0,0.0041082981042563915
304.95341961183397,3,0,0,0,0,0.0041082981042563915
8541.440778217115,2,0,0,0,0,0.0041082981042563915
9920.032373798676,9,1,0,0,0,0.9038791656494141
264.0835590449317,3,0,0,0,0,0.0041082981042563915
217.05005727139093,3,0,0,0,0,0.0041082981042563915
1343.976775258193,1,0,0,0,0,0.0041082981042563915
4727.62795713408,2,0,0,0,0,0.0041082981042563915
651.1090120155341,2,0,0,0,0,0.0041082981042563915
1635.6151101236069,3,0,0,0,0,0.0041082981042563915
3973.2159614248444,2,0,0,0,0,0.0041082981042563915
2362.125764976725,1,0,0,0,0,0.0041082981042563915
445.99387266760374,3,0,0,0,0,0.0041082981042563915
975.0198528342897,1,0,0,0,0,0.0041082981042563915
534.0661815219569,3,0,0,0,0,0.0041082981042563915
1371.4111823375367,2,0,0,0,0,0.0041082981042563915
657.048128618359,3,0,0,0,0,0.0041082981042563915
298.07581984846837,2,0,0,0,0,0.0041082981042563915
783.7270231480281,2,0,0,0,0,0.0041082981042563915
1536.979719818935,3,0,0,0,0,0.0041082981042563915
251.940690712895,3,0,0,0,0,0.0041082981042563915
1580.4170776210112,3,0,0,0,0,0.0041082981042563915
8783.855874017609,9,1,0,0,0,0.9175286889076233
253.802904220248,3,0,0,0,0,0.0041082981042563915
2133.641100883456,2,0,0,0,0,0.0041082981042563915
1415.4650549975568,1,0,0,0,0,0.0041082981042563915
5454.817060096206,3,0,0,0,0,0.0041082981042563915
818.7909608330376,2,0,0,0,0,0.0041082981042563915
1023.3758162209418,2,0,0,0,0,0.0041082981042563915
2529.578321064551,3,0,0,0,0,0.0041082981042563915
1157.8887531081,2,0,0,0,0,0.0041082981042563915
6777.061302830267,2,0,0,0,0,0.0041082981042563915
149.7830636396569,1,0,0,0,0,0.0041082981042563915
8076.637320550027,3,0,0,0,0,0.0041082981042563915
1290.4587639525805,1,0,0,0,0,0.0041082981042563915
729.9103830415553,3,0,0,0,0,0.0041082981042563915
194.2854354505538,1,0,0,0,0,0.0041082981042563915
578.3900495266474,3,0,0,0,0,0.0041082981042563915
9922.31581740167,9,1,0,0,0,0.9038791656494141
415.652876462363,3,0,0,0,0,0.0041082981042563915
6886.971212006385,3,0,0,0,0,0.0041082981042563915
9964.811902141622,9,1,0,0,0,0.2062346190214157
2233.2798748560785,2,0,0,0,0,0.0041082981042563915
1412.1728350234173,1,0,0,0,0,0.0041082981042563915
1750.2419985661818,1,0,0,0,0,0.0041082981042563915
1249.21985752093,2,0,0,0,0,0.0041082981042563915
2305.96418896152,1,0,0,0,0,0.0041082981042563915
823.6545993167082,3,0,0,0,0,0.0041082981042563915
693.881064516795,2,0,0,0,0,0.0041082981042563915
322.3155286134252,2,0,0,0,0,0.0041082981042563915
2073.3196209887205,3,0,0,0,0,0.0041082981042563915
1878.2869375668838,2,0,0,0,0,0.0041082981042563915
314.09153654260695,1,0,0,0,0,0.0041082981042563915
255.40338063619546,1,0,0,0,0,0.0041082981042563915
9782.607540431904,9,1,0,0,0,0.2785716950893402
1498.184725984984,3,0,0,0,0,0.0041082981042563915
756.1829191151533,3,0,0,0,0,0.0041082981042563915
394.539680042767,1,0,0,0,0,0.0041082981042563915
435.769554155511,2,0,0,0,0,0.0041082981042563915
1308.3373627760009,2,0,0,0,0,0.0041082981042563915
858.2876921393081,1,0,0,0,0,0.0041082981042563915
1543.1106348709834,1,0,0,0,0,0.0041082981042563915
1454.7465658957701,2,0,0,0,0,0.0041082981042563915
476.5779002777376,2,0,0,0,0,0.0041082981042563915
1287.1562329048913,1,0,0,0,0,0.0041082981042563915
9245.973905845703,9,1,1,1,1,1.0
1497.351012621892,2,0,0,0,0,0.0041082981042563915
9777.365860266704,9,1,0,0,0,0.2785716950893402
1096.7257105961721,3,0,0,0,0,0.0041082981042563915
4480.46386486591,3,0,0,0,0,0.0041082981042563915
531.0063264897332,1,0,0,0,0,0.0041082981042563915
806.6717093032206,3,0,0,0,0,0.0041082981042563915
357.97534837048687,2,0,0,0,0,0.0041082981042563915
1335.1195223232678,3,0,0,0,0,0.0041082981042563915
391.1872242300929,1,0,0,0,0,0.0041082981042563915
3177.504860532521,1,0,0,0,0,0.0041082981042563915
4618.276857408055,2,0,0,0,0,0.0041082981042563915
4269.365926774439,3,0,0,0,0,0.0041082981042563915
892.9784443616567,3,0,0,0,0,0.0041082981042563915
2297.1228229820363,1,0,0,0,0,0.0041082981042563915
266.99611723610366,2,0,0,0,0,0.0041082981042563915
387.616284868837,3,0,0,0,0,0.0041082981042563915
9305.291106657816,9,1,0,0,0,0.9272543787956238
9067.08642373775,9,1,1,1,1,1.0
1531.9475730951535,3,0,0,0,0,0.0041082981042563915
9853.580740955798,9,1,0,0,0,0.2785716950893402
1731.5551902169636,3,0,0,0,0,0.0041082981042563915
1044.4874839080119,1,0,0,0,0,0.0041082981042563915
2030.382387605841,2,0,0,0,0,0.0041082981042563915
1343.1827683783226,2,0,0,0,0,0.0041082981042563915
626.6747800438197,1,0,0,0,0,0.0041082981042563915
6128.895487223365,2,0,0,0,0,0.0041082981042563915
1175.4203827343279,1,0,0,0,0,0.0041082981042563915
521.3448751295773,3,0,0,0,0,0.0041082981042563915
993.7786696260723,3,0,0,0,0,0.0041082981042563915
2015.7799515650197,1,0,0,0,0,0.0041082981042563915
9810.627050245885,9,1,0,0,0,0.2785716950893402
2697.780195480764,1,0,0,0,0,0.0041082981042563915
139.31836685838178,1,0,0,0,0,0.0041082981042563915
367.42845871466443,1,0,0,0,0,0.0041082981042563915
997.984201222159,1,0,0,0,0,0.0041082981042563915
3385.446922690393,1,0,0,0,0,0.0041082981042563915
815.1963842347033,1,0,0,0,0,0.0041082981042563915
1836.1208710171381,3,0,0,0,0,0.0041082981042563915
1852.3082495774174,1,0,0,0,0,0.0041082981042563915
8894.321415934033,1,0,0,0,0,0.07933730632066727
2783.802319131698,1,0,0,0,0,0.0041082981042563915
7369.168923715198,3,0,0,0,0,0.0041082981042563915
8753.14068937746,9,1,1,1,1,1.0
2028.915650425971,2,0,0,0,0,0.0041082981042563915
1441.160575040617,1,0,0,0,0,0.0041082981042563915
1036.0977851827902,1,0,0,0,0,0.0041082981042563915
9156.32450694808,9,1,1,1,1,1.0
56.56956739973587,1,0,0,0,0,0.0041082981042563915
5226.192088938644,1,0,0,0,0,0.0041082981042563915
252.89003617226246,1,0,0,0,0,0.0041082981042563915
934.8178454212671,1,0,0,0,0,0.0041082981042563915
9304.195397704623,9,1,0,0,0,0.9272543787956238
1154.1761270918375,2,0,0,0,0,0.0041082981042563915
9168.66326648742,9,1,0,0,0,0.9168692231178284
2418.255571935742,3,0,0,0,0,0.0041082981042563915
8690.275949929588,9,1,0,0,0,0.6993576288223267
5715.447822097912,2,0,0,0,0,0.0041082981042563915
6618.083904615153,3,0,0,0,0,0.0041082981042563915
896.8560281851098,2,0,0,0,0,0.0041082981042563915
781.1299428705452,3,0,0,0,0,0.0041082981042563915
2048.955031109429,3,0,0,0,0,0.0041082981042563915
230.22144429399196,1,0,0,0,0,0.0041082981042563915
461.35549484141166,1,0,0,0,0,0.0041082981042563915
2036.8731003777898,2,0,0,0,0,0.0041082981042563915
1021.7985300919254,3,0,0,0,0,0.0041082981042563915
8506.923579466147,9,1,0,0,0,0.03328726440668106
1837.750543693372,3,0,0,0,0,0.0041082981042563915
6177.677337213672,2,0,0,0,0,0.0041082981042563915
555.056802633135,1,0,0,0,0,0.0041082981042563915
1701.036684744062,2,0,0,0,0,0.0041082981042563915
1068.634722073615,2,0,0,0,0,0.0041082981042563915
417.75002936453643,2,0,0,0,0,0.0041082981042563915
511.29298921458275,1,0,0,0,0,0.0041082981042563915
9762.389828619791,9,1,0,0,0,0.2785716950893402
916.4255093919572,2,0,0,0,0,0.0041082981042563915
495.64686626063514,3,0,0,0,0,0.0041082981042563915
3294.401034667622,3,0,0,0,0,0.0041082981042563915
2320.2585437614853,2,0,0,0,0,0.0041082981042563915
1582.1364674807191,3,0,0,0,0,0.0041082981042563915
1658.867277316648,1,0,0,0,0,0.0041082981042563915
5894.745378810582,1,0,0,0,0,0.0041082981042563915
1963.8365098410743,2,0,0,0,0,0.0041082981042563915
1077.541324581787,2,0,0,0,0,0.0041082981042563915
742.624250074132,1,0,0,0,0,0.0041082981042563915
778.7258522982285,2,0,0,0,0,0.0041082981042563915
8905.242340510791,9,1,0,0,0,0.8796578645706177
443.4215708074347,2,0,0,0,0,0.0041082981042563915
2583.225220221055,2,0,0,0,0,0.0041082981042563915
1110.4205747646176,1,0,0,0,0,0.0041082981042563915
1530.0724598103855,1,0,0,0,0,0.0041082981042563915
4970.264978568152,1,0,0,0,0,0.0041082981042563915
790.232262676124,1,0,0,0,0,0.0041082981042563915
817.9558919695007,2,0,0,0,0,0.0041082981042563915
1311.95757775925,1,0,0,0,0,0.0041082981042563915
489.50814227466765,3,0,0,0,0,0.0041082981042563915
911.5419685554417,3,0,0,0,0,0.0041082981042563915
3337.4619158437827,2,0,0,0,0,0.0041082981042563915
353.0863999311734,1,0,0,0,0,0.0041082981042563915
424.1036763729577,1,0,0,0,0,0.0041082981042563915
532.9576507237776,3,0,0,0,0,0.0041082981042563915
8539.772123371906,9,1,0,0,0,0.03328726440668106
598.8428963623172,1,0,0,0,0,0.0041082981042563915
767.9587562749032,1,0,0,0,0,0.0041082981042563915
