account_id,in_degree,out_degree,in_strength,out_strength,tx_sent,tx_received,in_out_ratio,strength_ratio,pagerank,betweenness_centrality,clustering_coefficient
A1654,2,0,293.19,0.0,0,2,2.0,293190000000.0,0.0040817,0.0,0.0
A133,2,0,259.61,0.0,0,2,2.0,259610000000.0,0.00366759,0.0,0.0
A675,3,1,872.23,49.02,1,3,1.5,17.7933,0.0033456,0.0,0.0
A769,3,0,1356.18,0.0,0,3,3.0,1356180000000.0,0.00319948,0.0,0.0
A278,2,0,842.3,0.0,0,2,2.0,842300000000.0,0.00297845,0.0,0.0
A1270,2,0,613.56,0.0,0,2,2.0,613559999999.9999,0.00260893,0.0,0.0
A355,3,1,653.59,407.78,1,3,1.5,1.6028,0.00256881,0.0,0.0
A1602,1,0,67.44,0.0,0,1,1.0,67440000000.0,0.00249606,0.0,0.0
A427,3,1,1302.11,105.06,1,3,1.5,12.394,0.00246792,1.594e-05,0.0
A590,4,0,2152.11,0.0,0,4,4.0,2152110000000.0,0.00241378,0.0,0.0
A942,2,1,632.46,67.44,1,2,1.0,9.3781,0.00240999,0.0,0.0
A1248,1,0,402.3,0.0,0,1,1.0,402300000000.0,0.00235841,0.0,0.0
A1813,2,0,850.45,0.0,0,2,2.0,850450000000.0,0.00232841,0.0,0.0
A889,2,1,446.08,402.3,1,2,1.0,1.1088,0.00225167,0.0,0.0
A387,4,0,1403.9,0.0,0,4,4.0,1403899999999.9998,0.00222777,0.0,0.0
A1158,3,0,399.96,0.0,0,3,3.0,399959999999.9999,0.00217619,0.0,0.0
A858,2,0,310.86,0.0,0,2,2.0,310860000000.0,0.0021471,0.0,0.0
A1932,1,0,90.97,0.0,0,1,1.0,90970000000.0,0.00202705,0.0,0.0
A70,2,2,1272.72,961.13,2,2,0.6667,1.3242,0.00200671,0.0,0.0
A1911,1,0,840.64,0.0,0,1,1.0,840639999999.9999,0.00200368,0.0,0.0
A665,2,0,1124.56,0.0,0,2,2.0,1124559999999.9998,0.00199757,0.0,0.0
A406,1,0,115.98,0.0,0,1,1.0,115980000000.0,0.00196734,0.0,0.0
A1888,2,3,724.41,1394.83,3,2,0.5,0.5194,0.00196191,2.39e-05,0.0
A1135,2,0,953.54,0.0,0,2,2.0,953539999999.9999,0.00195842,0.0,0.0
A1974,3,0,1274.03,0.0,0,3,3.0,1274030000000.0,0.0019315,0.0,0.0
A62,2,0,1158.68,0.0,0,2,2.0,1158680000000.0,0.00192303,0.0,0.0
A1968,3,0,637.19,0.0,0,3,3.0,637190000000.0,0.00191421,0.0,0.0
A1313,3,1,2063.15,178.62,1,3,1.5,11.5505,0.00190277,0.0,0.0
A1326,3,0,675.71,0.0,0,3,3.0,675710000000.0,0.00190277,0.0,0.0
A1681,2,2,422.2,1325.43,2,2,0.6667,0.3185,0.001885,4.024e-05,0.0
A1194,1,0,134.15,0.0,0,1,1.0,134150000000.0,0.00187737,0.0,0.0
A249,3,0,1164.61,0.0,0,3,3.0,1164609999999.9998,0.00187432,0.0,0.0
A1961,2,1,468.14,405.89,1,2,1.0,1.1534,0.00186686,0.0,0.0
A1831,2,1,797.69,90.97,1,2,1.0,8.7687,0.00186161,7.97e-06,0.0
A1756,1,0,246.96,0.0,0,1,1.0,246960000000.0,0.00185715,0.0,0.0
A1150,2,1,252.53,334.08,1,2,1.0,0.7559,0.00184586,0.0,0.0
A213,1,1,124.02,840.64,1,1,0.5,0.1475,0.0018324,7.97e-06,0.0
A1559,2,0,491.3,0.0,0,2,2.0,491300000000.0,0.00182172,0.0,0.0
A1250,2,1,761.34,188.13,1,2,1.0,4.0469,0.0018174,0.0,0.0
A1267,2,0,918.11,0.0,0,2,2.0,918109999999.9999,0.00179923,0.0,0.0
A1877,2,0,1442.73,0.0,0,2,2.0,1442730000000.0,0.00179757,0.0,0.0
A1262,2,0,594.54,0.0,0,2,2.0,594539999999.9999,0.00179757,0.0,0.0
A269,1,1,1068.08,115.98,1,1,0.5,9.2092,0.00178744,0.0,0.0
A709,4,1,729.44,319.49,1,4,2.0,2.2831,0.00177038,0.0,0.0
A1601,1,0,163.58,0.0,0,1,1.0,163580000000.0,0.00176661,0.0,0.0
A832,2,0,1008.52,0.0,0,2,2.0,1008519999999.9999,0.00175336,0.0,0.0
A1056,1,0,770.72,0.0,0,1,1.0,770720000000.0,0.00174066,0.0,0.0
A946,1,0,305.6,0.0,0,1,1.0,305600000000.0,0.00174066,0.0,0.0
A1179,1,0,660.3,0.0,0,1,1.0,660299999999.9999,0.00174066,0.0,0.0
A1077,1,0,367.61,0.0,0,1,1.0,367610000000.0,0.00174066,0.0,0.0
A811,2,0,308.27,0.0,0,2,2.0,308269999999.9999,0.00172922,0.0,0.0
A1608,3,0,1493.56,0.0,0,3,3.0,1493559999999.9998,0.00171347,0.0,0.0
A1903,3,2,972.32,671.9,2,3,1.0,1.4471,0.00171347,3.187e-05,0.0
A1840,1,0,94.5,0.0,0,1,1.0,94500000000.0,0.00169237,0.0,0.0
A1808,2,1,1436.02,158.24,1,2,1.0,9.0749,0.00168501,0.0,0.0
A1921,2,1,548.38,134.15,1,2,1.0,4.0878,0.00168501,0.0,0.0
A1804,2,0,443.36,0.0,0,2,2.0,443360000000.0,0.00167535,0.0,0.0
A1997,2,1,509.34,246.96,1,2,1.0,2.0624,0.00166188,2.39e-05,0.0
A1623,2,0,144.44,0.0,0,2,2.0,144440000000.0,0.00166087,0.0,0.0
A1211,2,2,461.89,344.07,2,2,0.6667,1.3424,0.00166087,3.984e-05,0.0
A1209,2,0,570.62,0.0,0,2,2.0,570620000000.0,0.00165655,0.0,0.0
A923,1,0,206.69,0.0,0,1,1.0,206690000000.0,0.00164952,0.0,0.0
A1954,1,1,869.69,675.97,1,1,0.5,1.2866,0.0016468,7.97e-06,0.0
A247,3,1,785.63,124.02,1,3,1.5,6.3347,0.00163241,1.594e-05,0.0
A118,1,0,1037.24,0.0,0,1,1.0,1037240000000.0,0.00162734,0.0,0.0
A512,2,0,181.69,0.0,0,2,2.0,181690000000.0,0.00162683,0.0,0.0
A153,2,1,549.31,252.97,1,2,1.0,2.1714,0.00160827,0.0,0.0
A569,1,1,128.06,370.3,1,1,0.5,0.3458,0.00160395,1.594e-05,0.0
A1207,1,0,548.23,0.0,0,1,1.0,548230000000.0,0.00160395,0.0,0.0
A463,2,0,1083.61,0.0,0,2,2.0,1083609999999.9999,0.00160395,0.0,0.0
A266,1,0,416.17,0.0,0,1,1.0,416170000000.0,0.00160395,0.0,0.0
A1980,3,2,783.68,732.96,2,3,1.0,1.0692,0.00158107,0.0,0.0
A174,3,0,870.87,0.0,0,3,3.0,870869999999.9999,0.00158107,0.0,0.0
A726,1,1,88.49,1068.08,1,1,0.5,0.0828,0.00157981,0.0,0.0
A1130,2,0,531.05,0.0,0,2,2.0,531049999999.9999,0.00156406,0.0,0.0
A258,1,0,390.5,0.0,0,1,1.0,390500000000.0,0.00155899,0.0,0.0
A620,1,1,182.17,357.17,1,1,0.5,0.51,0.00155899,0.0,0.0
A400,1,0,631.46,0.0,0,1,1.0,631460000000.0,0.00155838,0.0,0.0
A613,1,1,976.62,163.58,1,1,0.5,5.9703,0.00155567,0.0,0.0
A157,2,0,746.9,0.0,0,2,2.0,746899999999.9999,0.00155198,0.0,0.0
A1816,1,0,497.19,0.0,0,1,1.0,497189999999.9999,0.00153484,0.0,0.0
A743,2,0,571.26,0.0,0,2,2.0,571260000000.0,0.00152416,0.0,0.0
A361,2,0,387.76,0.0,0,2,2.0,387759999999.9999,0.00152416,0.0,0.0
A954,2,0,1031.44,0.0,0,2,2.0,1031440000000.0,0.00152416,0.0,0.0
A1272,2,0,984.64,0.0,0,2,2.0,984639999999.9999,0.00152416,0.0,0.0
A1711,2,1,694.31,367.61,1,2,1.0,1.8887,0.00152416,0.0,0.0
A1268,2,1,1130.79,770.72,1,2,1.0,1.4672,0.00152416,0.0,0.0
A1434,2,1,520.61,305.6,1,2,1.0,1.7036,0.00152416,0.0,0.0
A904,2,1,869.18,233.67,1,2,1.0,3.7197,0.00152416,0.0,0.0
A1254,2,0,1126.94,0.0,0,2,2.0,1126940000000.0,0.00152416,0.0,0.0
A1837,2,0,1186.95,0.0,0,2,2.0,1186950000000.0,0.00152416,0.0,0.0
A1421,2,0,621.46,0.0,0,2,2.0,621460000000.0,0.00152416,0.0,0.0
A1651,2,0,659.79,0.0,0,2,2.0,659789999999.9999,0.00152416,0.0,0.0
A994,2,1,800.81,763.89,1,2,1.0,1.0483,0.00151611,0.0,0.0
A1537,1,2,348.74,1325.01,2,1,0.3333,0.2632,0.00151402,1.594e-05,0.0
A1078,2,0,792.82,0.0,0,2,2.0,792820000000.0,0.00151361,0.0,0.0
A913,1,0,237.61,0.0,0,1,1.0,237610000000.0,0.00151146,0.0,0.0
A1829,1,2,1488.94,667.2,2,1,0.3333,2.2316,0.00151146,0.0,0.0
A297,1,1,403.97,660.3,1,1,0.5,0.6118,0.00149909,1.594e-05,0.0
A48,2,2,1420.49,519.66,2,2,0.6667,2.7335,0.0014957,0.0,0.0
A1510,2,0,766.0,0.0,0,2,2.0,766000000000.0,0.0014957,0.0,0.0
A1304,2,0,610.11,0.0,0,2,2.0,610110000000.0,0.0014957,0.0,0.0
A1481,3,0,1309.57,0.0,0,3,3.0,1309569999999.9998,0.0014957,0.0,0.0
A1495,2,1,192.93,339.28,1,2,1.0,0.5686,0.00147156,0.0,0.0
A1568,1,0,750.14,0.0,0,1,1.0,750140000000.0,0.00146724,0.0,0.0
A240,1,1,554.89,94.5,1,1,0.5,5.8719,0.00146724,0.0,0.0
A1456,1,0,137.64,0.0,0,1,1.0,137640000000.0,0.00146724,0.0,0.0
A975,1,0,317.22,0.0,0,1,1.0,317220000000.0,0.00146724,0.0,0.0
A369,1,0,536.89,0.0,0,1,1.0,536889999999.9999,0.0014431,0.0,0.0
A1906,1,0,424.54,0.0,0,1,1.0,424540000000.0,0.00143269,0.0,0.0
A917,1,0,656.39,0.0,0,1,1.0,656390000000.0,0.00143269,0.0,0.0
A809,1,0,85.51,0.0,0,1,1.0,85510000000.0,0.00141896,0.0,0.0
A638,1,0,72.99,0.0,0,1,1.0,72990000000.0,0.00141896,0.0,0.0
A760,1,0,290.91,0.0,0,1,1.0,290910000000.0,0.00141896,0.0,0.0
A1079,2,1,403.49,206.69,1,2,1.0,1.9522,0.00141693,1.594e-05,0.0
A936,1,1,771.76,869.69,1,1,0.5,0.8874,0.00141363,1.594e-05,0.0
A722,1,0,328.23,0.0,0,1,1.0,328230000000.0,0.00139482,0.0,0.0
A810,2,1,1196.92,1037.24,1,2,1.0,1.1539,0.00139113,0.0,0.0
A1060,2,0,756.03,0.0,0,2,2.0,756029999999.9999,0.00137237,0.0,0.0
A1034,2,1,1078.39,242.35,1,2,1.0,4.4497,0.00137212,3.187e-05,0.0
A918,1,0,458.86,0.0,0,1,1.0,458860000000.0,0.0013705,0.0,0.0
A869,2,0,697.63,0.0,0,2,2.0,697630000000.0,0.00136331,0.0,0.0
A845,2,1,399.67,416.17,1,2,1.0,0.9604,0.00136331,0.0,0.0
A1223,3,1,1265.2,128.06,1,3,1.5,9.8797,0.00136331,1.61e-05,0.0
A1062,2,0,599.01,0.0,0,2,2.0,599010000000.0,0.00136331,0.0,0.0
A408,2,1,1144.11,548.23,1,2,1.0,2.0869,0.00136331,0.0,0.0
A121,2,1,948.83,166.33,1,2,1.0,5.7045,0.00133485,8.05e-06,0.0
A1710,2,1,1441.23,88.49,1,2,1.0,16.2869,0.00133485,0.0,0.0
A1208,2,0,609.82,0.0,0,2,2.0,609819999999.9999,0.00133485,0.0,0.0
A494,2,0,799.44,0.0,0,2,2.0,799439999999.9999,0.00133485,0.0,0.0
A173,2,2,797.54,939.89,2,2,0.6667,0.8485,0.00133485,0.0,0.0
A851,2,0,967.11,0.0,0,2,2.0,967110000000.0001,0.00133485,0.0,0.0
A1099,2,1,598.32,631.46,1,2,1.0,0.9475,0.00131332,7.97e-06,0.0
A1093,2,0,358.13,0.0,0,2,2.0,358130000000.0,0.00131332,0.0,0.0
A952,2,0,284.06,0.0,0,2,2.0,284060000000.0,0.00131071,0.0,0.0
A88,2,1,778.15,390.5,1,2,1.0,1.9927,0.00131071,0.0,0.0
A947,2,0,1072.27,0.0,0,2,2.0,1072269999999.9999,0.00131071,0.0,0.0
A1617,2,1,839.31,182.17,1,2,1.0,4.6073,0.00131071,0.0,0.0
A1533,2,2,1625.44,965.7,2,2,0.6667,1.6832,0.00130969,2.39e-05,0.0
A1786,2,2,197.94,571.64,2,2,0.6667,0.3463,0.00130969,6.375e-05,0.0
A414,1,0,167.98,0.0,0,1,1.0,167980000000.0,0.00130639,0.0,0.0
A1240,1,0,150.38,0.0,0,1,1.0,150380000000.0,0.00130639,0.0,0.0
A1930,1,0,153.27,0.0,0,1,1.0,153270000000.0,0.00130639,0.0,0.0
A534,1,1,447.31,976.62,1,1,0.5,0.458,0.00130639,0.0,0.0
A144,1,0,571.32,0.0,0,1,1.0,571320000000.0,0.00129801,0.0,0.0
A1013,1,0,389.81,0.0,0,1,1.0,389810000000.0,0.00129801,0.0,0.0
A1890,2,2,517.95,1074.12,2,2,0.6667,0.4822,0.0012903,4.781e-05,0.0
A1289,1,1,982.98,497.19,1,1,0.5,1.9771,0.00128225,8.05e-06,0.0
A508,1,0,654.06,0.0,0,1,1.0,654059999999.9999,0.00128225,0.0,0.0
A1565,2,0,481.5,0.0,0,2,2.0,481500000000.0,0.00128123,0.0,0.0
A220,3,0,944.62,0.0,0,3,3.0,944620000000.0,0.0012734,0.0,0.0
A513,2,0,393.23,0.0,0,2,2.0,393230000000.0,0.00127175,0.0,0.0
A1611,2,0,963.32,0.0,0,2,2.0,963319999999.9999,0.00127175,0.0,0.0
A1936,1,1,283.64,348.74,1,1,0.5,0.8133,0.00125811,2.39e-05,0.0
A90,2,1,372.62,237.61,1,2,1.0,1.5682,0.00125443,0.0,0.0
A141,2,1,782.19,1488.94,1,2,1.0,0.5253,0.00125443,0.0,0.0
A232,2,0,1766.52,0.0,0,2,2.0,1766519999999.9998,0.00124972,0.0,0.0
A1758,2,0,1058.62,0.0,0,2,2.0,1058619999999.9999,0.00124972,0.0,0.0
A1505,1,1,460.3,403.97,1,1,0.5,1.1394,0.00124694,3.187e-05,0.0
A1039,2,0,604.83,0.0,0,2,2.0,604830000000.0,0.00124236,0.0,0.0
A113,1,0,191.46,0.0,0,1,1.0,191460000000.0,0.0012139,0.0,0.0
A1928,2,1,717.55,177.79,1,2,1.0,4.0359,0.0012139,0.0,0.0
A827,1,0,366.24,0.0,0,1,1.0,366240000000.0,0.0012139,0.0,0.0
A1276,2,0,1157.43,0.0,0,2,2.0,1157430000000.0,0.00120246,0.0,0.0
A1753,2,0,1229.38,0.0,0,2,2.0,1229380000000.0,0.00120246,0.0,0.0
A1764,2,1,1119.49,554.89,1,2,1.0,2.0175,0.00120246,0.0,0.0
A940,2,0,1012.65,0.0,0,2,2.0,1012650000000.0,0.00120246,0.0,0.0
A1292,2,0,609.92,0.0,0,2,2.0,609920000000.0,0.00120246,0.0,0.0
A1765,2,1,442.58,750.14,1,2,1.0,0.59,0.00120246,0.0,0.0
A84,2,0,846.67,0.0,0,2,2.0,846669999999.9999,0.00120246,0.0,0.0
A1828,2,2,623.19,1051.78,2,2,0.6667,0.5925,0.00120246,0.0,0.0
A296,2,0,1045.26,0.0,0,2,2.0,1045259999999.9999,0.00120246,0.0,0.0
A894,2,0,840.72,0.0,0,2,2.0,840720000000.0,0.00120246,0.0,0.0
A1900,2,0,1007.34,0.0,0,2,2.0,1007340000000.0,0.00120246,0.0,0.0
A711,2,0,296.08,0.0,0,2,2.0,296079999999.9999,0.00120246,0.0,0.0
A1427,2,0,432.04,0.0,0,2,2.0,432040000000.0,0.00120246,0.0,0.0
A68,2,0,548.07,0.0,0,2,2.0,548070000000.0,0.00120246,0.0,0.0
A1198,2,1,416.65,317.22,1,2,1.0,1.3134,0.00120246,0.0,0.0
A568,2,1,487.06,640.48,1,2,1.0,0.7605,0.00120246,0.0,0.0
A1146,2,0,1261.71,0.0,0,2,2.0,1261710000000.0,0.00120246,0.0,0.0
A774,2,2,902.0,566.52,2,2,0.6667,1.5922,0.00120246,0.0,0.0
A842,2,0,1081.33,0.0,0,2,2.0,1081329999999.9999,0.00120246,0.0,0.0
A111,2,0,1260.07,0.0,0,2,2.0,1260069999999.9998,0.00120246,0.0,0.0
A546,2,1,693.88,137.64,1,2,1.0,5.0413,0.00120246,0.0,0.0
A514,2,1,485.36,424.66,1,2,1.0,1.1429,0.00120246,0.0,0.0
A1674,1,0,929.26,0.0,0,1,1.0,929259999999.9999,0.00117934,0.0,0.0
A987,2,0,707.43,0.0,0,2,2.0,707429999999.9999,0.00117688,0.0,0.0
A35,2,3,518.08,867.93,3,2,0.5,0.5969,0.001174,3.187e-05,0.0
A1074,2,1,1222.99,536.89,1,2,1.0,2.2779,0.001174,0.0,0.0
A1736,2,1,1158.28,245.96,1,2,1.0,4.7092,0.001174,1.594e-05,0.0
A1109,2,0,608.6,0.0,0,2,2.0,608599999999.9999,0.001174,0.0,0.0
A162,2,0,557.07,0.0,0,2,2.0,557069999999.9999,0.001174,0.0,0.0
A1152,2,0,1699.06,0.0,0,2,2.0,1699060000000.0,0.001174,0.0,0.0
A337,3,0,1266.33,0.0,0,3,3.0,1266329999999.9998,0.001174,0.0,0.0
A830,2,1,1089.57,337.8,1,2,1.0,3.2255,0.001174,0.0,0.0
A1498,2,0,851.37,0.0,0,2,2.0,851370000000.0,0.001174,0.0,0.0
A835,2,0,1641.82,0.0,0,2,2.0,1641819999999.9998,0.001174,0.0,0.0
A791,2,1,555.52,424.54,1,2,1.0,1.3085,0.00116193,0.0,0.0
A1571,2,1,336.55,656.39,1,2,1.0,0.5127,0.00116193,0.0,0.0
A821,1,0,121.67,0.0,0,1,1.0,121670000000.0,0.00115089,0.0,0.0
A553,1,2,222.4,599.99,2,1,0.3333,0.3707,0.00115089,2.39e-05,0.0
A1288,2,1,688.28,768.16,1,2,1.0,0.896,0.0011477,0.0,0.333333
A6,1,1,290.97,53.76,1,1,0.5,5.4124,0.00114554,0.0,0.0
A1512,1,0,267.24,0.0,0,1,1.0,267240000000.0,0.00114554,0.0,0.0
A455,1,0,165.21,0.0,0,1,1.0,165210000000.0,0.00114554,0.0,0.0
A66,1,2,244.47,718.58,2,1,0.3333,0.3402,0.00114554,0.0,0.0
A1037,1,0,810.38,0.0,0,1,1.0,810380000000.0,0.00114554,0.0,0.0
A61,1,0,175.14,0.0,0,1,1.0,175140000000.0,0.00114554,0.0,0.0
A350,1,0,497.67,0.0,0,1,1.0,497670000000.0,0.00114554,0.0,0.0
A920,1,0,369.93,0.0,0,1,1.0,369930000000.0,0.00114554,0.0,0.0
A775,1,1,213.85,85.51,1,1,0.5,2.5009,0.00114554,7.97e-06,0.0
A1652,1,1,188.79,1259.87,1,1,0.5,0.1498,0.00114554,0.0,0.0
A1186,1,0,97.14,0.0,0,1,1.0,97140000000.0,0.00114554,0.0,0.0
A1018,1,0,295.31,0.0,0,1,1.0,295310000000.0,0.00114554,0.0,0.0
A640,1,0,648.49,0.0,0,1,1.0,648490000000.0,0.00114554,0.0,0.0
A473,1,1,333.91,470.58,1,1,0.5,0.7096,0.00114554,0.0,0.0
A292,1,0,164.68,0.0,0,1,1.0,164680000000.0,0.00114554,0.0,0.0
A1147,1,0,147.1,0.0,0,1,1.0,147100000000.0,0.00114554,0.0,0.0
A120,1,0,773.43,0.0,0,1,1.0,773429999999.9999,0.00114554,0.0,0.0
A117,1,1,654.63,249.52,1,1,0.5,2.6236,0.00114554,0.0,0.0
A738,1,0,119.22,0.0,0,1,1.0,119220000000.0,0.00114554,0.0,0.0
A1577,1,0,196.35,0.0,0,1,1.0,196350000000.0,0.00114554,0.0,0.0
A1598,1,0,296.37,0.0,0,1,1.0,296370000000.0,0.00114554,0.0,0.0
A1768,1,0,582.98,0.0,0,1,1.0,582980000000.0,0.00114554,0.0,0.0
A458,1,1,299.04,290.91,1,1,0.5,1.0279,0.00114554,0.0,0.0
A1884,1,0,243.88,0.0,0,1,1.0,243880000000.0,0.00114554,0.0,0.0
A34,1,1,423.76,72.99,1,1,0.5,5.8057,0.00114554,8.05e-06,0.0
A1734,1,0,515.0,0.0,0,1,1.0,514999999999.9999,0.00114554,0.0,0.0
A1393,1,1,404.25,752.32,1,1,0.5,0.5373,0.00114554,0.0,0.0
A530,1,0,328.35,0.0,0,1,1.0,328350000000.0,0.00114554,0.0,0.0
A169,1,0,296.0,0.0,0,1,1.0,296000000000.0,0.00114554,0.0,0.0
A1545,1,0,129.68,0.0,0,1,1.0,129680000000.0,0.00114554,0.0,0.0
A1679,1,0,318.19,0.0,0,1,1.0,318190000000.0,0.00114554,0.0,0.0
A801,1,2,289.68,745.48,2,1,0.3333,0.3886,0.00114554,0.0,0.0
A1915,1,0,493.47,0.0,0,1,1.0,493470000000.0,0.00114554,0.0,0.0
A1695,1,0,539.15,0.0,0,1,1.0,539149999999.9999,0.00114554,0.0,0.0
A154,1,0,823.91,0.0,0,1,1.0,823909999999.9999,0.00114554,0.0,0.0
A641,1,0,307.71,0.0,0,1,1.0,307709999999.9999,0.00114554,0.0,0.0
A911,1,0,961.16,0.0,0,1,1.0,961159999999.9999,0.00114554,0.0,0.0
A879,1,0,1025.4,0.0,0,1,1.0,1025400000000.0,0.00114554,0.0,0.0
A1065,1,0,445.51,0.0,0,1,1.0,445509999999.9999,0.00114554,0.0,0.0
A395,1,0,94.8,0.0,0,1,1.0,94800000000.0,0.00114554,0.0,0.0
A1688,1,0,946.59,0.0,0,1,1.0,946590000000.0,0.00114554,0.0,0.0
A452,1,1,467.29,201.69,1,1,0.5,2.3169,0.00114554,0.0,0.0
A686,1,0,76.76,0.0,0,1,1.0,76760000000.0,0.00114554,0.0,0.0
A536,3,0,1506.26,0.0,0,3,3.0,1506260000000.0,0.00113936,0.0,0.0
A870,3,1,1665.97,771.76,1,3,1.5,2.1587,0.00113936,2.39e-05,0.0
A734,2,0,846.04,0.0,0,2,2.0,846039999999.9999,0.00112801,0.0,0.0
A1627,1,1,27.49,91.25,1,1,0.5,0.3013,0.0011214,0.0,0.0
A1131,1,0,123.11,0.0,0,1,1.0,123110000000.0,0.0011214,0.0,0.0
A490,1,0,43.16,0.0,0,1,1.0,43160000000.0,0.0011214,0.0,0.0
A1634,1,0,146.83,0.0,0,1,1.0,146830000000.0,0.0011214,0.0,0.0
A374,1,0,778.33,0.0,0,1,1.0,778330000000.0,0.0011214,0.0,0.0
A41,1,1,232.17,328.23,1,1,0.5,0.7073,0.00111709,0.0,0.0
A1402,1,0,374.91,0.0,0,1,1.0,374910000000.0,0.00110641,0.0,0.0
A1353,1,0,512.32,0.0,0,1,1.0,512320000000.0,0.0010904,0.0,0.0
A298,1,0,812.69,0.0,0,1,1.0,812690000000.0,0.0010904,0.0,0.0
A1308,1,1,532.0,458.86,1,1,0.5,1.1594,0.00108736,0.0,0.0
A379,1,1,478.01,913.76,1,1,0.5,0.5231,0.00108087,0.0,0.0
A1991,1,0,41.65,0.0,0,1,1.0,41650000000.0,0.00108087,0.0,0.0
A338,2,0,723.25,0.0,0,2,2.0,723250000000.0,0.00105728,0.0,0.0
A351,2,1,821.56,283.98,1,2,1.0,2.893,0.00101315,0.0,0.0
A532,2,0,238.73,0.0,0,2,2.0,238730000000.0,0.00101315,0.0,0.0
A1649,2,0,198.61,0.0,0,2,2.0,198610000000.0,0.00101315,0.0,0.0
A1210,2,0,1544.6,0.0,0,2,2.0,1544599999999.9998,0.00101315,0.0,0.0
A730,2,0,295.08,0.0,0,2,2.0,295079999999.9999,0.00101315,0.0,0.0
A1324,2,0,890.88,0.0,0,2,2.0,890880000000.0,0.00101315,0.0,0.0
A828,2,0,1015.83,0.0,0,2,2.0,1015829999999.9999,0.00101315,0.0,0.0
A24,2,1,826.92,153.27,1,2,1.0,5.3952,0.00101315,0.0,0.0
A1725,2,0,560.54,0.0,0,2,2.0,560539999999.9999,0.00101315,0.0,0.0
A916,2,2,866.08,889.03,2,2,0.6667,0.9742,0.00101315,0.0,0.0
A661,2,0,748.23,0.0,0,2,2.0,748230000000.0,0.00101315,0.0,0.0
A1865,2,2,959.52,797.45,2,2,0.6667,1.2032,0.00101315,6.375e-05,0.0
A1231,2,0,717.28,0.0,0,2,2.0,717279999999.9999,0.00101315,0.0,0.0
A461,2,0,189.19,0.0,0,2,2.0,189190000000.0,0.00101315,0.0,0.0
A1513,2,0,390.62,0.0,0,2,2.0,390620000000.0,0.00101315,0.0,0.0
A1203,2,1,997.94,194.1,1,2,1.0,5.1414,0.00101315,0.0,0.0
A853,2,2,466.72,777.21,2,2,0.6667,0.6005,0.00101315,0.0,0.0
A1977,2,1,848.41,167.98,1,2,1.0,5.0507,0.00101315,0.0,0.0
A1785,2,1,791.95,150.38,1,2,1.0,5.2663,0.00101315,0.0,0.0
A750,2,0,144.43,0.0,0,2,2.0,144430000000.0,0.00101315,0.0,0.0
A820,2,1,285.46,447.31,1,2,1.0,0.6382,0.00101315,0.0,0.0
A307,2,0,564.15,0.0,0,2,2.0,564150000000.0,0.00101315,0.0,0.0
A770,1,0,291.4,0.0,0,1,1.0,291399999999.9999,0.00101252,0.0,0.0
A1998,2,0,634.91,0.0,0,2,2.0,634910000000.0,0.00100367,0.0,0.0
A1307,2,2,667.16,1677.96,2,2,0.6667,0.3976,0.00100202,3.187e-05,0.0
A857,1,1,303.28,146.82,1,1,0.5,2.0657,0.00100181,7.97e-06,0.0
A272,1,0,412.76,0.0,0,1,1.0,412759999999.9999,0.00100181,0.0,0.0
A216,1,0,456.63,0.0,0,1,1.0,456629999999.9999,0.00100003,0.0,0.0
A1489,1,0,799.97,0.0,0,1,1.0,799970000000.0,0.00100003,0.0,0.0
A1139,1,0,138.23,0.0,0,1,1.0,138230000000.0,0.00100003,0.0,0.0
A586,1,0,370.91,0.0,0,1,1.0,370910000000.0,0.00099351,0.0,0.0
A1715,1,2,504.08,420.5,2,1,0.3333,1.1988,0.00098469,0.0,0.0
A1205,1,1,616.11,256.39,1,1,0.5,2.403,0.00098469,0.0,0.0
A1532,1,0,518.08,0.0,0,1,1.0,518080000000.0,0.00098469,0.0,0.0
A477,1,0,248.2,0.0,0,1,1.0,248200000000.0,0.00098469,0.0,0.0
A1081,1,2,466.49,883.52,2,1,0.3333,0.528,0.00098469,1.594e-05,0.0
A599,1,0,112.78,0.0,0,1,1.0,112780000000.0,0.00098469,0.0,0.0
A1303,1,0,438.64,0.0,0,1,1.0,438639999999.9999,0.00098469,0.0,0.0
A1092,2,0,1249.56,0.0,0,2,2.0,1249559999999.9998,0.00098469,0.0,0.0
A862,1,1,103.04,79.16,1,1,0.5,1.3017,0.00098469,0.0,0.0
A624,1,0,444.34,0.0,0,1,1.0,444339999999.9999,0.00098469,0.0,0.0
A1476,1,0,923.3,0.0,0,1,1.0,923299999999.9999,0.00098469,0.0,0.0
A768,1,2,198.75,900.02,2,1,0.3333,0.2208,0.00098469,0.0,0.0
A106,1,0,287.09,0.0,0,1,1.0,287089999999.9999,0.00098469,0.0,0.0
A27,1,0,304.04,0.0,0,1,1.0,304040000000.0,0.00098469,0.0,0.0
A1493,1,1,456.15,654.06,1,1,0.5,0.6974,0.00098469,0.0,0.0
A552,1,0,323.44,0.0,0,1,1.0,323440000000.0,0.00098469,0.0,0.0
A1920,2,0,1052.83,0.0,0,2,2.0,1052829999999.9999,0.00098469,0.0,0.0
A1560,1,0,600.37,0.0,0,1,1.0,600370000000.0,0.00098469,0.0,0.0
A1030,2,1,564.84,364.68,1,2,1.0,1.5489,0.00098469,0.0,0.0
A1782,1,0,457.64,0.0,0,1,1.0,457639999999.9999,0.00098469,0.0,0.0
A433,1,1,167.51,982.98,1,1,0.5,0.1704,0.00098469,1.594e-05,0.0
A13,1,1,496.19,132.91,1,1,0.5,3.7333,0.00098469,4.781e-05,0.0
A1569,1,0,1188.97,0.0,0,1,1.0,1188970000000.0,0.00098469,0.0,0.0
A1480,2,2,119.44,821.35,2,2,0.6667,0.1454,0.00098469,0.0,0.0
A1301,1,2,228.8,605.01,2,1,0.3333,0.3782,0.00098469,0.0,0.0
A1399,1,0,636.93,0.0,0,1,1.0,636929999999.9999,0.00098469,0.0,0.0
A1125,1,1,260.56,283.64,1,1,0.5,0.9186,0.00095624,3.187e-05,0.0
A1524,1,0,297.16,0.0,0,1,1.0,297160000000.0,0.00095624,0.0,0.0
A1820,1,0,754.62,0.0,0,1,1.0,754620000000.0,0.00095624,0.0,0.0
A1752,2,0,1387.28,0.0,0,2,2.0,1387280000000.0,0.00095005,0.0,0.0
A449,2,0,1818.15,0.0,0,2,2.0,1818150000000.0,0.00095005,0.0,0.0
A1128,2,0,407.79,0.0,0,2,2.0,407789999999.9999,0.00095005,0.0,0.0
A40,1,0,130.83,0.0,0,1,1.0,130830000000.0,0.00093209,0.0,0.0
A493,1,0,587.75,0.0,0,1,1.0,587750000000.0,0.00093209,0.0,0.0
A29,1,2,258.2,516.05,2,1,0.3333,0.5003,0.00093209,0.0,0.0
A643,1,0,213.06,0.0,0,1,1.0,213060000000.0,0.00093108,0.0,0.0
A475,1,0,1424.86,0.0,0,1,1.0,1424859999999.9998,0.00093108,0.0,0.0
A1993,2,0,864.88,0.0,0,2,2.0,864880000000.0,0.00092159,0.0,0.0
A1127,1,1,388.54,366.24,1,1,0.5,1.0609,0.00090427,0.0,0.0
A662,2,1,920.8,191.46,1,2,1.0,4.8094,0.00090427,0.0,0.0
A1061,2,0,444.96,0.0,0,2,2.0,444959999999.9999,0.00087746,0.0,0.0
A622,2,0,1144.75,0.0,0,2,2.0,1144750000000.0,0.00087746,0.0,0.0
A1134,1,0,345.97,0.0,0,1,1.0,345970000000.0,0.00087581,0.0,0.0
A1792,1,1,211.61,137.2,1,1,0.5,1.5423,0.00087581,0.0,0.0
A1637,2,1,1073.59,319.48,1,2,1.0,3.3604,0.00086797,0.0,0.0
A158,1,0,348.29,0.0,0,1,1.0,348290000000.0,0.00086374,0.0,0.0
A664,1,0,288.43,0.0,0,1,1.0,288430000000.0,0.00086374,0.0,0.0
A673,1,0,413.16,0.0,0,1,1.0,413160000000.0,0.00086374,0.0,0.0
A1182,1,1,71.19,929.26,1,1,0.5,0.0766,0.00086374,0.0,0.0
A1479,1,0,533.82,0.0,0,1,1.0,533820000000.0,0.00086374,0.0,0.0
A663,1,0,211.37,0.0,0,1,1.0,211370000000.0,0.00084126,0.0,0.0
A1917,1,0,304.68,0.0,0,1,1.0,304680000000.0,0.00084126,0.0,0.0
A1397,1,1,29.89,780.64,1,1,0.5,0.0383,0.00082384,0.0,0.0
A1273,1,2,671.4,201.42,2,1,0.3333,3.3333,0.00082384,0.0,0.0
A1959,1,0,337.85,0.0,0,1,1.0,337850000000.0,0.00082384,0.0,0.0
A1023,1,0,576.56,0.0,0,1,1.0,576559999999.9999,0.00082384,0.0,0.0
A330,1,0,227.27,0.0,0,1,1.0,227270000000.0,0.00082384,0.0,0.0
A1838,1,1,212.1,267.24,1,1,0.5,0.7937,0.00082384,0.0,0.0
A1104,1,0,95.88,0.0,0,1,1.0,95880000000.0,0.00082384,0.0,0.0
A1691,1,0,119.36,0.0,0,1,1.0,119360000000.0,0.00082384,0.0,0.0
A1112,1,0,5.5,0.0,0,1,1.0,5500000000.0,0.00082384,0.0,0.0
A26,1,0,234.32,0.0,0,1,1.0,234320000000.0,0.00082384,0.0,0.0
A1996,1,0,161.29,0.0,0,1,1.0,161290000000.0,0.00082384,0.0,0.0
A1699,2,1,535.87,164.68,1,2,1.0,3.254,0.00082384,7.97e-06,0.0
A1370,1,0,87.48,0.0,0,1,1.0,87480000000.0,0.00082384,0.0,0.0
A1341,1,0,193.25,0.0,0,1,1.0,193250000000.0,0.00082384,0.0,0.0
A1889,1,0,369.65,0.0,0,1,1.0,369649999999.9999,0.00082384,0.0,0.0
A1875,1,0,274.39,0.0,0,1,1.0,274390000000.0,0.00082384,0.0,0.0
A238,1,1,351.48,764.61,1,1,0.5,0.4597,0.00082384,0.0,0.0
A352,1,0,175.37,0.0,0,1,1.0,175370000000.0,0.00082384,0.0,0.0
A1958,1,0,315.31,0.0,0,1,1.0,315310000000.0,0.00082384,0.0,0.0
A1801,1,0,395.11,0.0,0,1,1.0,395110000000.0,0.00082384,0.0,0.0
A89,1,0,565.29,0.0,0,1,1.0,565289999999.9999,0.00082384,0.0,0.0
A1841,1,2,291.9,320.69,2,1,0.3333,0.9102,0.00082384,0.0,0.0
A110,1,1,37.08,330.23,1,1,0.5,0.1123,0.00082384,0.0,0.0
A346,1,1,430.5,189.38,1,1,0.5,2.2732,0.00082384,0.0,0.0
A1244,1,0,214.12,0.0,0,1,1.0,214120000000.0,0.00082384,0.0,0.0
A1144,1,0,231.73,0.0,0,1,1.0,231730000000.0,0.00082384,0.0,0.0
A1166,1,2,1415.4,557.05,2,1,0.3333,2.5409,0.00082384,2.39e-05,0.0
A617,1,0,108.06,0.0,0,1,1.0,108060000000.0,0.00082384,0.0,0.0
A1291,1,0,339.96,0.0,0,1,1.0,339959999999.9999,0.00082384,0.0,0.0
A1236,1,0,365.16,0.0,0,1,1.0,365160000000.0,0.00082384,0.0,0.0
A840,1,0,323.66,0.0,0,1,1.0,323660000000.0,0.00082384,0.0,0.0
A915,1,0,388.98,0.0,0,1,1.0,388980000000.0,0.00082384,0.0,0.0
A999,1,0,147.72,0.0,0,1,1.0,147720000000.0,0.00082384,0.0,0.0
A839,1,2,19.76,1275.55,2,1,0.3333,0.0155,0.00082384,0.0,0.0
A1219,1,0,220.1,0.0,0,1,1.0,220100000000.0,0.00082384,0.0,0.0
A119,1,0,526.79,0.0,0,1,1.0,526789999999.9999,0.00082384,0.0,0.0
A688,1,1,304.47,493.47,1,1,0.5,0.617,0.00082384,0.0,0.0
A142,2,1,163.42,437.78,1,2,1.0,0.3733,0.00082384,0.0,0.0
A109,1,1,1011.19,515.0,1,1,0.5,1.9635,0.00082384,0.0,0.0
A1087,1,2,192.05,801.2,2,1,0.3333,0.2397,0.00082384,0.0,0.0
A1090,1,0,610.32,0.0,0,1,1.0,610320000000.0,0.00082384,0.0,0.0
A784,1,1,244.86,213.85,1,1,0.5,1.145,0.00082384,1.594e-05,0.0
A256,1,1,96.4,129.68,1,1,0.5,0.7434,0.00082384,0.0,0.0
A1671,1,1,252.14,854.3,1,1,0.5,0.2951,0.00082384,0.0,0.0
A55,1,0,483.12,0.0,0,1,1.0,483120000000.0,0.00082384,0.0,0.0
A535,1,1,717.79,264.66,1,1,0.5,2.7121,0.00082384,0.0,0.0
A815,1,1,57.59,423.76,1,1,0.5,0.1359,0.00082384,0.0,0.0
A1735,1,0,551.85,0.0,0,1,1.0,551850000000.0,0.00082384,0.0,0.0
A1310,1,0,580.54,0.0,0,1,1.0,580539999999.9999,0.00082384,0.0,0.0
A114,1,0,859.05,0.0,0,1,1.0,859049999999.9999,0.00082384,0.0,0.0
A1086,1,2,783.11,308.92,2,1,0.3333,2.535,0.00082384,0.0,0.0
A1391,1,0,431.49,0.0,0,1,1.0,431490000000.0,0.00082384,0.0,0.0
A1777,1,1,384.39,674.19,1,1,0.5,0.5702,0.00082384,0.0,0.0
A963,1,1,170.1,882.05,1,1,0.5,0.1928,0.00082384,0.0,0.0
A1891,1,0,1333.03,0.0,0,1,1.0,1333030000000.0,0.00082384,0.0,0.0
A903,1,1,318.77,365.6,1,1,0.5,0.8719,0.00082384,0.0,0.0
A1898,2,0,1121.61,0.0,0,2,2.0,1121610000000.0,0.00082384,0.0,0.0
A197,1,1,1355.59,165.21,1,1,0.5,8.2053,0.00082384,0.0,0.0
A333,1,0,313.09,0.0,0,1,1.0,313089999999.9999,0.00082384,0.0,0.0
A1957,2,1,1244.56,530.19,1,2,1.0,2.3474,0.00082384,0.0,0.0
A1225,1,1,174.44,100.53,1,1,0.5,1.7352,0.00082384,0.0,0.0
A1657,1,1,250.13,93.19,1,1,0.5,2.6841,0.00082384,0.0,0.0
A1103,1,0,189.59,0.0,0,1,1.0,189590000000.0,0.00082384,0.0,0.0
A619,1,1,175.11,152.55,1,1,0.5,1.1479,0.00082384,0.0,0.0
A488,1,2,617.76,1346.05,2,1,0.3333,0.4589,0.00082384,0.0,0.0
A777,1,1,95.92,307.71,1,1,0.5,0.3117,0.00082384,0.0,0.0
A1482,1,0,330.04,0.0,0,1,1.0,330040000000.0,0.00082384,0.0,0.0
A1162,2,0,446.63,0.0,0,2,2.0,446629999999.9999,0.00082384,0.0,0.0
A656,1,0,1093.12,0.0,0,1,1.0,1093119999999.9999,0.00082384,0.0,0.0
A837,1,0,714.45,0.0,0,1,1.0,714450000000.0,0.00082384,0.0,0.0
A1124,1,0,46.83,0.0,0,1,1.0,46830000000.0,0.00082384,0.0,0.0
A367,1,0,349.52,0.0,0,1,1.0,349519999999.9999,0.00082384,0.0,0.0
A286,1,1,22.97,327.55,1,1,0.5,0.0701,0.00082384,3.984e-05,0.0
A891,1,0,465.69,0.0,0,1,1.0,465689999999.9999,0.00082384,0.0,0.0
A1117,1,0,293.06,0.0,0,1,1.0,293060000000.0,0.00082384,0.0,0.0
A1794,1,0,483.0,0.0,0,1,1.0,483000000000.0,0.00082384,0.0,0.0
A1017,1,1,189.98,582.98,1,1,0.5,0.3259,0.00082384,7.97e-06,0.0
A388,1,0,194.08,0.0,0,1,1.0,194080000000.0,0.00082384,0.0,0.0
A1939,1,1,259.46,648.49,1,1,0.5,0.4001,0.00082384,0.0,0.0
A1551,1,1,64.49,723.25,1,1,0.5,0.0892,0.00082384,0.0,0.0
A736,1,1,338.56,188.79,1,1,0.5,1.7933,0.00082384,0.0,0.0
A1338,1,1,219.36,497.67,1,1,0.5,0.4408,0.00082384,0.0,0.0
A584,1,3,68.55,609.56,3,1,0.25,0.1125,0.00082384,0.0,0.0
A1850,1,1,327.21,326.12,1,1,0.5,1.0033,0.00082384,0.0,0.0
A1945,1,0,396.08,0.0,0,1,1.0,396079999999.9999,0.00082384,0.0,0.0
A635,1,0,34.3,0.0,0,1,1.0,34300000000.0,0.00082384,0.0,0.0
A1432,1,1,130.2,539.15,1,1,0.5,0.2415,0.00082384,0.0,0.0
A1535,1,1,434.1,654.63,1,1,0.5,0.6631,0.00082384,0.0,0.0
A1938,1,1,240.2,299.04,1,1,0.5,0.8032,0.00082384,0.0,0.0
A1339,1,0,240.07,0.0,0,1,1.0,240070000000.0,0.00082384,0.0,0.0
A1461,1,0,277.71,0.0,0,1,1.0,277709999999.9999,0.00082384,0.0,0.0
A772,1,0,520.49,0.0,0,1,1.0,520490000000.0,0.00082384,0.0,0.0
A1264,1,0,320.98,0.0,0,1,1.0,320980000000.0,0.00082384,0.0,0.0
A912,1,0,52.17,0.0,0,1,1.0,52170000000.0,0.00082384,0.0,0.0
A1298,1,0,540.31,0.0,0,1,1.0,540309999999.9999,0.00082384,0.0,0.0
A667,1,0,403.03,0.0,0,1,1.0,403029999999.9999,0.00082384,0.0,0.0
A1374,1,0,217.89,0.0,0,1,1.0,217890000000.0,0.00082384,0.0,0.0
A829,1,2,113.19,798.35,2,1,0.3333,0.1418,0.00082384,0.0,0.0
A1609,1,1,184.81,196.35,1,1,0.5,0.9412,0.00082384,0.0,0.0
A697,1,0,361.99,0.0,0,1,1.0,361990000000.0,0.00082384,0.0,0.0
A945,1,0,87.88,0.0,0,1,1.0,87880000000.0,0.00082384,0.0,0.0
A7,1,2,249.72,418.7,2,1,0.3333,0.5964,0.00082384,0.0,0.0
A104,1,1,706.94,332.64,1,1,0.5,2.1252,0.00082384,0.0,0.0
A79,1,1,466.93,1178.47,1,1,0.5,0.3962,0.00082384,0.0,0.0
A1180,1,1,606.63,567.3,1,1,0.5,1.0693,0.00082384,0.0,0.0
A1123,1,0,413.06,0.0,0,1,1.0,413060000000.0,0.00082384,0.0,0.0
A1605,1,0,519.05,0.0,0,1,1.0,519049999999.9999,0.00082384,0.0,0.0
A502,1,2,721.53,666.69,2,1,0.3333,1.0823,0.00082384,0.0,0.0
A1895,1,1,435.1,476.34,1,1,0.5,0.9134,0.00082384,0.0,0.0
A1716,1,0,282.25,0.0,0,1,1.0,282250000000.0,0.00082384,0.0,0.0
A1899,1,0,229.97,0.0,0,1,1.0,229970000000.0,0.00082384,0.0,0.0
A386,1,0,522.67,0.0,0,1,1.0,522669999999.9999,0.00082384,0.0,0.0
A1739,1,0,690.56,0.0,0,1,1.0,690559999999.9999,0.00082384,0.0,0.0
A922,1,0,625.37,0.0,0,1,1.0,625370000000.0,0.00082384,0.0,0.0
A1438,1,0,758.7,0.0,0,1,1.0,758700000000.0,0.00082384,0.0,0.0
A522,1,2,201.07,974.44,2,1,0.3333,0.2063,0.00082384,1.594e-05,0.0
A816,1,0,313.88,0.0,0,1,1.0,313880000000.0,0.00082384,0.0,0.0
A1807,1,0,289.43,0.0,0,1,1.0,289430000000.0,0.00082384,0.0,0.0
A177,1,1,55.67,810.38,1,1,0.5,0.0687,0.00082384,0.0,0.0
A160,1,0,503.9,0.0,0,1,1.0,503899999999.9999,0.00082384,0.0,0.0
A1927,1,2,5.23,1336.97,2,1,0.3333,0.0039,0.00082384,0.0,0.0
A778,1,0,326.78,0.0,0,1,1.0,326779999999.9999,0.00082384,0.0,0.0
A415,1,2,480.67,578.33,2,1,0.3333,0.8311,0.00082384,0.0,0.0
A1129,1,0,86.48,0.0,0,1,1.0,86480000000.0,0.00082384,0.0,0.0
A1499,1,0,304.8,0.0,0,1,1.0,304800000000.0,0.00082384,0.0,0.0
A1806,1,0,715.62,0.0,0,1,1.0,715620000000.0,0.00082384,0.0,0.0
A1742,1,0,425.32,0.0,0,1,1.0,425319999999.9999,0.00082384,0.0,0.0
A21,1,0,509.03,0.0,0,1,1.0,509029999999.9999,0.00082384,0.0,0.0
A170,1,1,349.85,467.29,1,1,0.5,0.7487,0.00082384,0.0,0.0
A1796,1,1,439.31,823.91,1,1,0.5,0.5332,0.00082384,0.0,0.0
A1995,1,1,224.07,579.94,1,1,0.5,0.3864,0.00082384,0.0,0.0
A579,1,0,262.2,0.0,0,1,1.0,262200000000.0,0.00082384,0.0,0.0
A1635,1,0,224.11,0.0,0,1,1.0,224110000000.0,0.00082384,0.0,0.0
A1197,1,2,219.56,1181.37,2,1,0.3333,0.1859,0.00082384,0.0,0.0
A1471,1,1,123.54,404.25,1,1,0.5,0.3056,0.00082384,0.0,0.0
A1227,1,0,373.82,0.0,0,1,1.0,373820000000.0,0.00082384,0.0,0.0
A1029,1,0,296.44,0.0,0,1,1.0,296440000000.0,0.00082384,0.0,0.0
A91,1,1,193.87,364.88,1,1,0.5,0.5313,0.00082384,0.0,0.0
A1218,1,1,427.49,445.51,1,1,0.5,0.9596,0.00082384,0.0,0.0
A1342,1,0,1248.09,0.0,0,1,1.0,1248089999999.9998,0.00082384,0.0,0.0
A219,1,2,242.21,1155.87,2,1,0.3333,0.2095,0.00082384,0.0,0.0
A887,1,0,405.01,0.0,0,1,1.0,405009999999.9999,0.00082384,0.0,0.0
A1693,1,1,190.74,76.76,1,1,0.5,2.4849,0.00082384,0.0,0.0
A666,1,0,514.38,0.0,0,1,1.0,514379999999.9999,0.00082384,0.0,0.0
A529,1,1,372.43,946.59,1,1,0.5,0.3934,0.00082384,0.0,0.0
A875,1,0,262.56,0.0,0,1,1.0,262560000000.0,0.00082384,0.0,0.0
A759,1,0,347.11,0.0,0,1,1.0,347110000000.0,0.00082384,0.0,0.0
A448,1,0,46.45,0.0,0,1,1.0,46450000000.0,0.00082384,0.0,0.0
A852,1,0,308.23,0.0,0,1,1.0,308230000000.0,0.00082384,0.0,0.0
A806,1,0,543.46,0.0,0,1,1.0,543460000000.0,0.00082384,0.0,0.0
A1405,2,1,1279.21,333.91,1,2,1.0,3.831,0.00082384,0.0,0.0
A705,1,0,543.04,0.0,0,1,1.0,543039999999.9999,0.00082384,0.0,0.0
A646,1,1,164.44,961.16,1,1,0.5,0.1711,0.00082384,0.0,0.0
A76,1,0,530.06,0.0,0,1,1.0,530059999999.9999,0.00082384,0.0,0.0
A105,1,0,530.56,0.0,0,1,1.0,530559999999.9999,0.00082384,0.0,0.0
A896,1,2,131.58,681.63,2,1,0.3333,0.193,0.00082384,0.0,0.0
A976,1,2,237.9,1319.47,2,1,0.3333,0.1803,0.00082384,0.0,0.0
A1452,1,2,710.19,441.13,2,1,0.3333,1.6099,0.00082384,0.0,0.0
A1547,1,0,270.74,0.0,0,1,1.0,270740000000.0,0.00082384,0.0,0.0
A1682,1,2,842.46,884.66,2,1,0.3333,0.9523,0.00082384,0.0,0.0
A1650,1,1,689.38,1025.4,1,1,0.5,0.6723,0.00082384,0.0,0.0
A577,1,0,275.59,0.0,0,1,1.0,275589999999.9999,0.00082384,0.0,0.0
A1781,2,0,1098.84,0.0,0,2,2.0,1098840000000.0001,0.00082384,0.0,0.0
A1737,1,1,507.91,290.97,1,1,0.5,1.7456,0.00082384,0.0,0.0
A1948,1,2,1373.86,835.73,2,1,0.3333,1.6439,0.00082384,0.0,0.0
A1910,1,1,327.19,14.4,1,1,0.5,22.7215,0.00082384,0.0,0.0
A135,1,2,1153.18,442.57,2,1,0.3333,2.6056,0.00082384,0.0,0.0
A1350,1,0,291.6,0.0,0,1,1.0,291600000000.0,0.00082384,0.0,0.0
A550,2,0,765.16,0.0,0,2,2.0,765160000000.0,0.00082384,0.0,0.0
A551,1,1,301.31,259.6,1,1,0.5,1.1607,0.00082384,0.0,0.0
A509,1,4,302.78,2153.48,4,1,0.2,0.1406,0.00082384,0.0,0.1
A1540,1,1,156.36,611.17,1,1,0.5,0.2558,0.00082384,0.0,0.0
A132,1,0,569.32,0.0,0,1,1.0,569320000000.0,0.00082384,0.0,0.0
A1629,1,2,279.74,881.82,2,1,0.3333,0.3172,0.00082384,4.781e-05,0.0
A397,1,1,251.22,289.68,1,1,0.5,0.8672,0.00082384,0.0,0.0
A1987,1,0,490.5,0.0,0,1,1.0,490499999999.9999,0.00082384,0.0,0.0
A1449,1,1,487.01,119.22,1,1,0.5,4.085,0.00082384,0.0,0.0
A634,1,0,112.16,0.0,0,1,1.0,112160000000.0,0.00082384,0.0,0.0
A1866,1,1,409.78,773.43,1,1,0.5,0.5298,0.00082384,0.0,0.0
A72,1,0,1097.78,0.0,0,1,1.0,1097779999999.9999,0.00082384,0.0,0.0
A629,1,1,126.17,241.9,1,1,0.5,0.5216,0.00082384,0.0,0.0
A910,1,0,430.29,0.0,0,1,1.0,430290000000.0,0.00082384,0.0,0.0
A1986,1,1,495.51,318.19,1,1,0.5,1.5573,0.00082384,0.0,0.0
A1585,1,1,283.23,97.14,1,1,0.5,2.9157,0.00082384,0.0,0.0
A1417,1,0,642.99,0.0,0,1,1.0,642990000000.0,0.00082384,0.0,0.0
A382,1,0,340.6,0.0,0,1,1.0,340600000000.0,0.00082384,0.0,0.0
A533,1,3,185.29,1269.16,3,1,0.25,0.146,0.00082384,0.0,0.0
A1122,1,0,152.85,0.0,0,1,1.0,152850000000.0,0.00082384,0.0,0.0
A1151,1,1,340.29,244.47,1,1,0.5,1.3919,0.00082384,0.0,0.0
A484,1,1,320.88,94.8,1,1,0.5,3.3848,0.00082384,0.0,0.0
A1853,1,0,297.26,0.0,0,1,1.0,297260000000.0,0.00082384,0.0,0.0
A1490,1,1,910.79,295.31,1,1,0.5,3.0842,0.00082384,7.97e-06,0.0
A523,1,1,430.92,375.32,1,1,0.5,1.1481,0.00082384,0.0,0.0
A497,1,1,169.04,243.88,1,1,0.5,0.6931,0.00082384,0.0,0.0
A651,1,1,169.79,238.13,1,1,0.5,0.713,0.00082384,0.0,0.0
A1334,1,0,1186.99,0.0,0,1,1.0,1186990000000.0,0.00082384,0.0,0.0
A1543,1,1,157.01,296.37,1,1,0.5,0.5298,0.00082384,0.0,0.0
A308,1,0,189.5,0.0,0,1,1.0,189500000000.0,0.00082384,0.0,0.0
A284,1,2,224.89,970.8,2,1,0.3333,0.2317,0.00082384,0.0,0.0
A1613,1,1,497.95,388.32,1,1,0.5,1.2823,0.00082384,0.0,0.0
A1472,1,0,177.37,0.0,0,1,1.0,177370000000.0,0.00082384,0.0,0.0
A1754,1,0,75.03,0.0,0,1,1.0,75030000000.0,0.00082384,0.0,0.0
A1984,1,0,467.42,0.0,0,1,1.0,467420000000.0,0.00082384,0.0,0.0
A735,1,2,370.37,621.43,2,1,0.3333,0.596,0.00082384,0.0,0.0
A1658,1,1,212.04,328.35,1,1,0.5,0.6458,0.00082384,0.0,0.0
A248,1,1,420.5,643.57,1,1,0.5,0.6534,0.00082384,0.0,0.0
A653,1,0,111.37,0.0,0,1,1.0,111370000000.0,0.00082384,0.0,0.0
A1257,1,0,243.23,0.0,0,1,1.0,243230000000.0,0.00082384,0.0,0.0
A1871,1,1,178.29,296.0,1,1,0.5,0.6023,0.00082384,0.0,0.0
A602,1,0,588.59,0.0,0,1,1.0,588590000000.0,0.00082384,0.0,0.0
A1492,1,0,851.57,0.0,0,1,1.0,851570000000.0,0.00082384,0.0,0.0
A1817,1,1,1072.01,796.88,1,1,0.5,1.3453,0.00082384,0.0,0.0
A1772,1,1,297.89,369.93,1,1,0.5,0.8053,0.00082384,0.0,0.0
A1663,1,0,114.46,0.0,0,1,1.0,114460000000.0,0.00082384,0.0,0.0
A582,1,1,468.02,175.14,1,1,0.5,2.6723,0.00082384,0.0,0.0
A1625,1,0,836.67,0.0,0,1,1.0,836669999999.9999,0.00082384,0.0,0.0
A547,1,0,771.9,0.0,0,1,1.0,771899999999.9999,0.00082384,0.0,0.0
A1509,1,1,687.75,147.1,1,1,0.5,4.6754,0.00082384,0.0,0.0
A580,1,0,346.08,0.0,0,1,1.0,346079999999.9999,0.00082384,0.0,0.0
A1536,2,1,493.61,227.18,1,2,1.0,2.1728,0.00082384,1.594e-05,0.0
A1774,1,0,252.64,0.0,0,1,1.0,252640000000.0,0.00082384,0.0,0.0
A1839,1,0,119.94,0.0,0,1,1.0,119940000000.0,0.00082384,0.0,0.0
A1564,1,2,289.86,347.46,2,1,0.3333,0.8342,0.00079539,0.0,0.0
A1802,1,1,494.22,43.16,1,1,0.5,11.4509,0.00079539,0.0,0.0
A1173,1,0,212.91,0.0,0,1,1.0,212910000000.0,0.00079539,0.0,0.0
A1546,1,1,769.79,352.23,1,1,0.5,2.1855,0.00079539,0.0,0.0
A203,1,0,387.83,0.0,0,1,1.0,387829999999.9999,0.00079539,0.0,0.0
A1575,1,0,408.52,0.0,0,1,1.0,408519999999.9999,0.00079539,0.0,0.0
A793,1,1,709.08,588.86,1,1,0.5,1.2042,0.00079539,7.97e-06,0.0
A419,1,0,461.12,0.0,0,1,1.0,461120000000.0,0.00079539,0.0,0.0
A362,1,0,109.16,0.0,0,1,1.0,109160000000.0,0.00079539,0.0,0.0
A897,1,0,458.12,0.0,0,1,1.0,458120000000.0,0.00079539,0.0,0.0
A364,1,0,198.62,0.0,0,1,1.0,198620000000.0,0.00079539,0.0,0.0
A320,1,0,287.77,0.0,0,1,1.0,287769999999.9999,0.00079539,0.0,0.0
A1155,1,0,389.6,0.0,0,1,1.0,389600000000.0,0.00079539,0.0,0.0
A1319,1,1,469.17,149.14,1,1,0.5,3.1458,0.00079539,0.0,0.0
A746,1,1,343.89,123.11,1,1,0.5,2.7934,0.00079539,0.0,0.0
A182,1,1,187.41,481.91,1,1,0.5,0.3889,0.00079539,0.0,0.0
A924,1,1,98.68,27.49,1,1,0.5,3.5897,0.00079539,0.0,0.0
A1419,1,1,51.03,146.83,1,1,0.5,0.3475,0.00079539,7.97e-06,0.0
A1097,1,0,437.94,0.0,0,1,1.0,437940000000.0,0.00079539,0.0,0.0
A47,1,0,92.12,0.0,0,1,1.0,92120000000.0,0.00079539,0.0,0.0
A1126,1,1,726.76,778.33,1,1,0.5,0.9337,0.00079539,0.0,0.0
A979,1,0,793.54,0.0,0,1,1.0,793539999999.9999,0.00079539,0.0,0.0
A1359,1,0,279.06,0.0,0,1,1.0,279060000000.0,0.00079539,0.0,0.0
A997,1,1,519.29,205.83,1,1,0.5,2.5229,0.00079539,0.0,0.0
A199,1,1,636.84,42.82,1,1,0.5,14.8725,0.00079539,0.0,0.0
A380,1,0,536.5,0.0,0,1,1.0,536499999999.9999,0.00079539,0.0,0.0
A872,1,0,51.53,0.0,0,1,1.0,51530000000.0,0.00079539,0.0,0.0
A991,1,1,362.97,374.91,1,1,0.5,0.9682,0.00077785,7.97e-06,0.0
A1685,1,0,164.94,0.0,0,1,1.0,164940000000.0,0.00077785,0.0,0.0
A358,1,0,392.96,0.0,0,1,1.0,392959999999.9999,0.00074914,0.0,0.0
A289,1,0,359.2,0.0,0,1,1.0,359199999999.9999,0.00074914,0.0,0.0
A1306,1,0,188.34,0.0,0,1,1.0,188340000000.0,0.00073372,0.0,0.0
A324,1,2,76.75,752.16,2,1,0.3333,0.102,0.00071496,0.0,0.0
A1745,1,0,797.79,0.0,0,1,1.0,797789999999.9999,0.00071496,0.0,0.0
A962,1,0,452.88,0.0,0,1,1.0,452879999999.9999,0.00071496,0.0,0.0
A574,1,0,105.28,0.0,0,1,1.0,105280000000.0,0.00071496,0.0,0.0
A1042,1,0,923.64,0.0,0,1,1.0,923639999999.9999,0.00071496,0.0,0.0
A525,1,1,607.1,620.2,1,1,0.5,0.9789,0.00071496,0.0,0.0
A600,1,0,931.48,0.0,0,1,1.0,931480000000.0,0.00071496,0.0,0.0
A1793,1,0,441.54,0.0,0,1,1.0,441540000000.0,0.00071496,0.0,0.0
A1220,1,0,129.51,0.0,0,1,1.0,129510000000.0,0.00071496,0.0,0.0
A1113,1,1,289.83,712.56,1,1,0.5,0.4067,0.00068815,0.0,0.0
A1522,1,0,501.99,0.0,0,1,1.0,501990000000.0,0.00068815,0.0,0.0
A214,1,0,210.14,0.0,0,1,1.0,210140000000.0,0.00068815,0.0,0.0
A65,1,0,143.98,0.0,0,1,1.0,143980000000.0,0.00067867,0.0,0.0
A767,1,0,509.48,0.0,0,1,1.0,509480000000.0,0.00067867,0.0,0.0
A1826,1,2,158.28,547.41,2,1,0.3333,0.2891,0.00067867,0.0,0.0
A818,1,0,607.07,0.0,0,1,1.0,607070000000.0,0.00067867,0.0,0.0
A1161,1,1,272.17,496.19,1,1,0.5,0.5485,0.00063454,0.0,0.0
A1413,1,1,58.89,234.81,1,1,0.5,0.2508,0.00063454,0.0,0.0
A28,1,1,214.3,923.3,1,1,0.5,0.2321,0.00063454,0.0,0.0
A245,1,0,513.87,0.0,0,1,1.0,513870000000.0,0.00063454,0.0,0.0
A229,1,1,409.43,600.37,1,1,0.5,0.682,0.00063454,0.0,0.0
A1458,1,0,109.34,0.0,0,1,1.0,109340000000.0,0.00063454,0.0,0.0
A264,1,0,245.33,0.0,0,1,1.0,245330000000.0,0.00063454,0.0,0.0
A480,1,0,378.09,0.0,0,1,1.0,378089999999.9999,0.00063454,0.0,0.0
A926,1,0,347.35,0.0,0,1,1.0,347350000000.0,0.00063454,0.0,0.0
A404,1,0,201.94,0.0,0,1,1.0,201940000000.0,0.00063454,0.0,0.0
A1982,1,1,162.25,632.24,1,1,0.5,0.2566,0.00063454,0.0,0.0
A409,1,0,158.18,0.0,0,1,1.0,158180000000.0,0.00063454,0.0,0.0
A1588,1,0,325.74,0.0,0,1,1.0,325740000000.0,0.00063454,0.0,0.0
A1175,1,1,209.46,103.04,1,1,0.5,2.0328,0.00063454,0.0,0.0
A1047,1,0,93.35,0.0,0,1,1.0,93350000000.0,0.00063454,0.0,0.0
A38,1,0,83.6,0.0,0,1,1.0,83600000000.0,0.00063454,0.0,0.0
A1363,1,0,125.71,0.0,0,1,1.0,125710000000.0,0.00063454,0.0,0.0
A1578,1,0,306.71,0.0,0,1,1.0,306709999999.9999,0.00063454,0.0,0.0
A625,1,0,691.41,0.0,0,1,1.0,691409999999.9999,0.00063454,0.0,0.0
A1973,1,1,522.75,558.95,1,1,0.5,0.9352,0.00063454,0.0,0.0
A1473,1,1,480.4,204.43,1,1,0.5,2.3499,0.00063454,0.0,0.0
A1502,1,1,1559.18,101.62,1,1,0.5,15.3432,0.00063454,0.0,0.0
A498,1,1,401.89,46.49,1,1,0.5,8.6447,0.00063454,0.0,0.0
A637,1,0,287.11,0.0,0,1,1.0,287110000000.0,0.00063454,0.0,0.0
A1600,1,1,236.72,490.96,1,1,0.5,0.4822,0.00063454,0.0,0.0
A694,1,3,427.03,1941.85,3,1,0.25,0.2199,0.00063454,0.0,0.0
A1283,1,0,848.24,0.0,0,1,1.0,848240000000.0,0.00063454,0.0,0.0
A205,1,0,484.74,0.0,0,1,1.0,484740000000.0,0.00063454,0.0,0.0
A75,1,1,102.15,304.04,1,1,0.5,0.336,0.00063454,0.0,0.0
A161,1,1,84.24,447.82,1,1,0.5,0.1881,0.00063454,0.0,0.0
A242,1,3,268.27,1255.5,3,1,0.25,0.2137,0.00063454,0.0,0.0
A1583,1,1,348.26,504.08,1,1,0.5,0.6909,0.00063454,0.0,0.0
A1111,1,1,139.91,636.93,1,1,0.5,0.2197,0.00063454,0.0,0.0
A1008,1,0,541.46,0.0,0,1,1.0,541460000000.0,0.00063454,0.0,0.0
A1043,1,1,321.06,206.64,1,1,0.5,1.5537,0.00063454,0.0,0.0
A929,1,0,357.22,0.0,0,1,1.0,357220000000.0,0.00063454,0.0,0.0
A1106,1,1,326.69,986.92,1,1,0.5,0.331,0.00063454,0.0,0.0
A672,1,0,587.78,0.0,0,1,1.0,587779999999.9999,0.00063454,0.0,0.0
A1646,1,0,535.93,0.0,0,1,1.0,535929999999.9999,0.00063454,0.0,0.0
A1295,1,1,178.23,171.07,1,1,0.5,1.0419,0.00063454,0.0,0.0
A1293,1,0,39.55,0.0,0,1,1.0,39550000000.0,0.00063454,0.0,0.0
A1590,1,0,397.0,0.0,0,1,1.0,397000000000.0,0.00063454,0.0,0.0
A1960,1,1,387.27,444.34,1,1,0.5,0.8716,0.00063454,0.0,0.0
A560,1,1,182.64,222.26,1,1,0.5,0.8217,0.00063454,0.0,0.0
A1410,1,0,372.87,0.0,0,1,1.0,372870000000.0,0.00063454,0.0,0.0
A1883,1,0,303.94,0.0,0,1,1.0,303940000000.0,0.00063454,0.0,0.0
A116,1,0,22.12,0.0,0,1,1.0,22120000000.0,0.00063454,0.0,0.0
A995,1,0,307.49,0.0,0,1,1.0,307490000000.0,0.00063454,0.0,0.0
A1263,1,1,364.42,167.51,1,1,0.5,2.1755,0.00063454,2.39e-05,0.0
A315,1,0,166.76,0.0,0,1,1.0,166760000000.0,0.00063454,0.0,0.0
A856,1,0,417.69,0.0,0,1,1.0,417690000000.0,0.00063454,0.0,0.0
A623,1,0,246.99,0.0,0,1,1.0,246990000000.0,0.00063454,0.0,0.0
A518,1,0,188.63,0.0,0,1,1.0,188630000000.0,0.00063454,0.0,0.0
A855,1,0,4.53,0.0,0,1,1.0,4530000000.0,0.00063454,0.0,0.0
A290,1,0,204.58,0.0,0,1,1.0,204580000000.0,0.00063454,0.0,0.0
A491,1,0,169.75,0.0,0,1,1.0,169750000000.0,0.00063454,0.0,0.0
A431,1,1,330.0,368.65,1,1,0.5,0.8952,0.00063454,0.0,0.0
A373,1,1,128.96,228.8,1,1,0.5,0.5636,0.00063454,0.0,0.0
A1433,1,0,185.3,0.0,0,1,1.0,185300000000.0,0.00063454,0.0,0.0
A1955,1,2,695.93,946.19,2,1,0.3333,0.7355,0.00063454,0.0,0.0
A1067,1,0,123.29,0.0,0,1,1.0,123290000000.0,0.00063454,0.0,0.0
A1749,1,0,1334.72,0.0,0,1,1.0,1334720000000.0,0.00063454,0.0,0.0
A1033,1,0,83.31,0.0,0,1,1.0,83310000000.0,0.00063454,0.0,0.0
A781,1,0,328.93,0.0,0,1,1.0,328930000000.0,0.00063454,0.0,0.0
A496,1,1,72.17,616.11,1,1,0.5,0.1171,0.00063454,0.0,0.0
A1896,1,0,432.54,0.0,0,1,1.0,432540000000.0,0.00063454,0.0,0.0
A1457,1,0,195.54,0.0,0,1,1.0,195540000000.0,0.00063454,0.0,0.0
A1052,1,0,174.48,0.0,0,1,1.0,174480000000.0,0.00063454,0.0,0.0
A1394,1,1,120.77,518.08,1,1,0.5,0.2331,0.00063454,0.0,0.0
A1812,1,0,193.69,0.0,0,1,1.0,193690000000.0,0.00063454,0.0,0.0
A464,1,1,765.38,438.64,1,1,0.5,1.7449,0.00063454,0.0,0.0
A429,1,0,248.38,0.0,0,1,1.0,248380000000.0,0.00063454,0.0,0.0
A1530,1,0,1567.73,0.0,0,1,1.0,1567730000000.0,0.00063454,0.0,0.0
A198,1,1,185.66,248.2,1,1,0.5,0.748,0.00063454,7.97e-06,0.0
A900,1,1,478.01,341.22,1,1,0.5,1.4009,0.00063454,0.0,0.0
A764,1,0,740.22,0.0,0,1,1.0,740220000000.0,0.00063454,0.0,0.0
A1015,1,0,429.39,0.0,0,1,1.0,429389999999.9999,0.00063454,0.0,0.0
A1844,1,0,1803.59,0.0,0,1,1.0,1803589999999.9998,0.00063454,0.0,0.0
A507,1,0,257.74,0.0,0,1,1.0,257740000000.0,0.00063454,0.0,0.0
A1035,1,0,317.4,0.0,0,1,1.0,317399999999.9999,0.00063454,0.0,0.0
A983,1,0,63.14,0.0,0,1,1.0,63140000000.0,0.00063454,0.0,0.0
A1032,1,0,447.82,0.0,0,1,1.0,447819999999.9999,0.00063454,0.0,0.0
A650,1,0,152.51,0.0,0,1,1.0,152510000000.0,0.00063454,0.0,0.0
A1119,1,0,291.97,0.0,0,1,1.0,291970000000.0,0.00063454,0.0,0.0
A424,1,1,369.71,112.78,1,1,0.5,3.2782,0.00063454,0.0,0.0
A1874,1,1,235.15,457.64,1,1,0.5,0.5138,0.00063454,0.0,0.0
A642,1,1,530.7,248.2,1,1,0.5,2.1382,0.00063454,0.0,0.0
A595,1,0,50.24,0.0,0,1,1.0,50240000000.0,0.00063454,0.0,0.0
A1859,1,1,206.23,137.19,1,1,0.5,1.5032,0.00063454,0.0,0.0
A1815,1,0,235.87,0.0,0,1,1.0,235870000000.0,0.00063454,0.0,0.0
A1612,1,0,97.85,0.0,0,1,1.0,97850000000.0,0.00063454,0.0,0.0
A108,1,1,173.03,635.98,1,1,0.5,0.2721,0.00063454,0.0,0.0
A445,1,1,858.56,1188.97,1,1,0.5,0.7221,0.00063454,7.97e-06,0.0
A1832,1,0,640.17,0.0,0,1,1.0,640169999999.9999,0.00063454,0.0,0.0
A1169,1,0,195.83,0.0,0,1,1.0,195830000000.0,0.00063454,0.0,0.0
A1933,1,1,863.97,466.49,1,1,0.5,1.8521,0.00063454,2.39e-05,0.0
A907,1,2,484.34,1384.36,2,1,0.3333,0.3499,0.00063454,1.594e-05,0.0
A80,1,1,239.23,456.15,1,1,0.5,0.5245,0.00063454,0.0,0.0
A1926,1,0,357.84,0.0,0,1,1.0,357839999999.9999,0.00063454,0.0,0.0
A708,1,1,689.67,893.8,1,1,0.5,0.7716,0.00063454,7.97e-06,0.0
A1515,1,2,421.74,206.26,2,1,0.3333,2.0447,0.00063454,0.0,0.0
A271,1,0,297.31,0.0,0,1,1.0,297310000000.0,0.00063454,0.0,0.0
A935,1,0,153.77,0.0,0,1,1.0,153770000000.0,0.00063454,0.0,0.0
A649,1,1,433.84,287.09,1,1,0.5,1.5112,0.00063454,0.0,0.0
A859,1,0,315.68,0.0,0,1,1.0,315680000000.0,0.00063454,0.0,0.0
A1763,1,0,343.5,0.0,0,1,1.0,343500000000.0,0.00063454,0.0,0.0
A1333,1,0,517.47,0.0,0,1,1.0,517470000000.0,0.00063454,0.0,0.0
A1775,1,0,370.32,0.0,0,1,1.0,370320000000.0,0.00063454,0.0,0.0
A1466,1,2,285.92,257.9,2,1,0.3333,1.1086,0.00063454,0.0,0.0
A1311,1,0,328.84,0.0,0,1,1.0,328839999999.9999,0.00063454,0.0,0.0
A928,1,1,424.09,283.33,1,1,0.5,1.4968,0.00063454,0.0,0.0
A202,1,0,645.7,0.0,0,1,1.0,645700000000.0,0.00063454,0.0,0.0
A1860,1,0,192.24,0.0,0,1,1.0,192240000000.0,0.00063454,0.0,0.0
A817,1,0,657.35,0.0,0,1,1.0,657350000000.0,0.00063454,0.0,0.0
A1783,1,0,310.91,0.0,0,1,1.0,310910000000.0,0.00063454,0.0,0.0
A677,1,0,217.69,0.0,0,1,1.0,217690000000.0,0.00063454,0.0,0.0
A312,1,0,250.13,0.0,0,1,1.0,250130000000.0,0.00063454,0.0,0.0
A1287,1,1,581.22,377.66,1,1,0.5,1.539,0.00063454,0.0,0.0
A1983,1,0,365.08,0.0,0,1,1.0,365079999999.9999,0.00063454,0.0,0.0
A163,1,2,373.67,1296.65,2,1,0.3333,0.2882,0.00063454,0.0,0.0
A877,1,1,686.33,198.75,1,1,0.5,3.4532,0.00063454,0.0,0.0
A645,1,0,297.68,0.0,0,1,1.0,297680000000.0,0.00063454,0.0,0.0
A189,1,0,276.48,0.0,0,1,1.0,276480000000.0,0.00063454,0.0,0.0
A506,1,0,702.28,0.0,0,1,1.0,702279999999.9999,0.00063454,0.0,0.0
A469,1,1,167.01,323.44,1,1,0.5,0.5164,0.00063454,0.0,0.0
A342,1,0,310.94,0.0,0,1,1.0,310940000000.0,0.00063454,0.0,0.0
A1016,1,0,248.25,0.0,0,1,1.0,248250000000.0,0.00063454,0.0,0.0
A98,1,2,466.51,887.0,2,1,0.3333,0.5259,0.00063454,0.0,0.0
A1318,1,0,523.58,0.0,0,1,1.0,523580000000.0,0.00063454,0.0,0.0
A227,1,0,183.92,0.0,0,1,1.0,183920000000.0,0.00063454,0.0,0.0
A1508,1,2,272.38,1071.63,2,1,0.3333,0.2542,0.00063454,0.0,0.0
A639,1,1,187.68,581.72,1,1,0.5,0.3226,0.00063454,0.0,0.0
A159,1,0,539.01,0.0,0,1,1.0,539009999999.9999,0.00062505,0.0,0.0
A1070,1,0,672.64,0.0,0,1,1.0,672640000000.0,0.00062505,0.0,0.0
A1767,1,0,321.31,0.0,0,1,1.0,321310000000.0,0.00062505,0.0,0.0
A186,1,0,730.2,0.0,0,1,1.0,730200000000.0,0.00062505,0.0,0.0
A1553,1,1,700.84,654.38,1,1,0.5,1.071,0.00062031,0.0,1.0
A1659,1,0,1373.73,0.0,0,1,1.0,1373730000000.0,0.00062031,0.0,0.0
A1593,1,2,478.27,499.97,2,1,0.3333,0.9566,0.00057143,0.0,0.0
A678,1,0,219.26,0.0,0,1,1.0,219260000000.0,0.00057143,0.0,0.0
A606,1,1,367.77,44.41,1,1,0.5,8.2812,0.00057143,0.0,0.0
A319,1,0,322.6,0.0,0,1,1.0,322600000000.0,0.00057143,0.0,0.0
A1154,1,0,536.27,0.0,0,1,1.0,536269999999.9999,0.00057143,0.0,0.0
A1790,1,0,568.91,0.0,0,1,1.0,568909999999.9999,0.00057143,0.0,0.0
A152,1,0,606.87,0.0,0,1,1.0,606870000000.0,0.00057143,0.0,0.0
A33,1,2,505.03,861.06,2,1,0.3333,0.5865,0.00057143,2.415e-05,0.0
A1821,1,1,462.45,1475.82,1,1,0.5,0.3134,0.00057143,3.187e-05,0.0
A1744,1,0,832.71,0.0,0,1,1.0,832710000000.0,0.00057143,0.0,0.0
A1880,1,1,178.11,179.65,1,1,0.5,0.9914,0.00057143,0.0,0.0
A459,1,0,101.73,0.0,0,1,1.0,101730000000.0,0.00057143,0.0,0.0
A1950,1,0,204.76,0.0,0,1,1.0,204760000000.0,0.00057143,0.0,0.0
A273,1,1,410.39,620.92,1,1,0.5,0.6609,0.00057143,0.0,0.0
A1414,1,0,394.97,0.0,0,1,1.0,394970000000.0,0.00057143,0.0,0.0
A836,1,1,562.4,88.25,1,1,0.5,6.3728,0.00057143,0.0,0.0
A939,1,0,254.16,0.0,0,1,1.0,254160000000.0,0.00057143,0.0,0.0
A1424,1,1,857.05,359.08,1,1,0.5,2.3868,0.00057143,0.0,0.0
A898,1,1,247.02,213.06,1,1,0.5,1.1594,0.00057143,0.0,0.0
A1177,1,1,255.57,448.58,1,1,0.5,0.5697,0.00057143,0.0,0.0
A981,1,1,489.46,1424.86,1,1,0.5,0.3435,0.00057143,0.0,0.0
A713,1,0,1419.39,0.0,0,1,1.0,1419390000000.0,0.00057143,0.0,0.0
A1642,1,0,592.56,0.0,0,1,1.0,592559999999.9999,0.00057143,0.0,0.0
A1224,1,0,540.55,0.0,0,1,1.0,540549999999.9999,0.00057143,0.0,0.0
A1845,1,0,314.47,0.0,0,1,1.0,314470000000.0,0.00057143,0.0,0.0
A753,1,2,306.02,865.43,2,1,0.3333,0.3536,0.00057143,0.0,0.0
A1243,1,1,222.03,388.54,1,1,0.5,0.5714,0.00053988,0.0,0.0
A360,1,0,465.79,0.0,0,1,1.0,465790000000.0,0.00053988,0.0,0.0
A1797,1,0,1256.25,0.0,0,1,1.0,1256250000000.0,0.00053988,0.0,0.0
A1238,0,1,0.0,52.17,1,0,0.0,0.0,0.00044523,0.0,0.0
A339,0,1,0.0,339.96,1,0,0.0,0.0,0.00044523,0.0,0.0
A1851,0,1,0.0,365.16,1,0,0.0,0.0,0.00044523,0.0,0.0
A1362,0,1,0.0,114.46,1,0,0.0,0.0,0.00044523,0.0,0.0
A1843,0,2,0.0,707.5,2,0,0.0,0.0,0.00044523,0.0,0.0
A741,0,1,0.0,108.06,1,0,0.0,0.0,0.00044523,0.0,0.0
A1619,0,1,0.0,661.08,1,0,0.0,0.0,0.00044523,0.0,0.0
A430,0,1,0.0,727.0,1,0,0.0,0.0,0.00044523,0.0,0.0
A241,0,1,0.0,320.88,1,0,0.0,0.0,0.00044523,0.0,0.0
A1664,0,1,0.0,851.57,1,0,0.0,0.0,0.00044523,0.0,0.0
A1426,0,1,0.0,1415.4,1,0,0.0,0.0,0.00044523,0.0,0.0
A930,0,1,0.0,522.67,1,0,0.0,0.0,0.00044523,0.0,0.0
A102,0,1,0.0,224.07,1,0,0.0,0.0,0.00044523,0.0,0.0
A657,0,1,0.0,265.21,1,0,0.0,0.0,0.00044523,0.0,0.0
A974,0,1,0.0,779.6,1,0,0.0,0.0,0.00044523,0.0,0.0
A1604,0,1,0.0,762.67,1,0,0.0,0.0,0.00044523,0.0,0.0
A1221,0,1,0.0,433.63,1,0,0.0,0.0,0.00044523,0.0,0.0
A212,0,2,0.0,434.27,2,0,0.0,0.0,0.00044523,0.0,0.0
A500,0,3,0.0,736.25,3,0,0.0,0.0,0.00044523,0.0,0.0
A1253,0,1,0.0,758.7,1,0,0.0,0.0,0.00044523,0.0,0.0
A1041,0,2,0.0,521.29,2,0,0.0,0.0,0.00044523,0.0,0.0
A313,0,3,0.0,1209.67,3,0,0.0,0.0,0.00044523,0.0,0.0
A1460,0,1,0.0,219.36,1,0,0.0,0.0,0.00044523,0.0,0.0
A684,0,2,0.0,1219.75,2,0,0.0,0.0,0.00044523,0.0,0.0
A59,0,1,0.0,406.31,1,0,0.0,0.0,0.00044523,0.0,0.0
A495,0,1,0.0,487.51,1,0,0.0,0.0,0.00044523,0.0,0.0
A831,0,1,0.0,543.04,1,0,0.0,0.0,0.00044523,0.0,0.0
A718,0,1,0.0,87.88,1,0,0.0,0.0,0.00044523,0.0,0.0
A136,0,1,0.0,58.45,1,0,0.0,0.0,0.00044523,0.0,0.0
A1970,0,1,0.0,530.06,1,0,0.0,0.0,0.00044523,0.0,0.0
A210,0,1,0.0,131.58,1,0,0.0,0.0,0.00044523,0.0,0.0
A1330,0,1,0.0,208.06,1,0,0.0,0.0,0.00044523,0.0,0.0
A1701,0,2,0.0,451.65,2,0,0.0,0.0,0.00044523,0.0,0.0
A1965,0,1,0.0,249.72,1,0,0.0,0.0,0.00044523,0.0,0.0
A1321,0,1,0.0,228.44,1,0,0.0,0.0,0.00044523,0.0,0.0
A1121,0,1,0.0,289.43,1,0,0.0,0.0,0.00044523,0.0,0.0
A1643,0,1,0.0,288.82,1,0,0.0,0.0,0.00044523,0.0,0.0
A1653,0,1,0.0,361.99,1,0,0.0,0.0,0.00044523,0.0,0.0
A474,0,1,0.0,878.89,1,0,0.0,0.0,0.00044523,0.0,0.0
A699,0,2,0.0,622.36,2,0,0.0,0.0,0.00044523,0.0,0.0
A1386,0,2,0.0,1329.24,2,0,0.0,0.0,0.00044523,0.0,0.0
A1406,0,1,0.0,340.15,1,0,0.0,0.0,0.00044523,0.0,0.0
A1440,0,1,0.0,633.6,1,0,0.0,0.0,0.00044523,0.0,0.0
A1076,0,1,0.0,178.36,1,0,0.0,0.0,0.00044523,0.0,0.0
A850,0,2,0.0,1089.56,2,0,0.0,0.0,0.00044523,0.0,0.0
A591,0,1,0.0,55.67,1,0,0.0,0.0,0.00044523,0.0,0.0
A961,0,1,0.0,308.53,1,0,0.0,0.0,0.00044523,0.0,0.0
A868,0,1,0.0,483.0,1,0,0.0,0.0,0.00044523,0.0,0.0
A372,0,1,0.0,349.52,1,0,0.0,0.0,0.00044523,0.0,0.0
A1168,0,2,0.0,1431.0,2,0,0.0,0.0,0.00044523,0.0,0.0
A985,0,1,0.0,772.56,1,0,0.0,0.0,0.00044523,0.0,0.0
A1234,0,1,0.0,438.14,1,0,0.0,0.0,0.00044523,0.0,0.0
A1692,0,1,0.0,46.83,1,0,0.0,0.0,0.00044523,0.0,0.0
A1795,0,1,0.0,297.89,1,0,0.0,0.0,0.00044523,0.0,0.0
A1080,0,1,0.0,313.09,1,0,0.0,0.0,0.00044523,0.0,0.0
A179,0,1,0.0,465.69,1,0,0.0,0.0,0.00044523,0.0,0.0
A1847,0,2,0.0,1400.02,2,0,0.0,0.0,0.00044523,0.0,0.0
A1436,0,1,0.0,1076.57,1,0,0.0,0.0,0.00044523,0.0,0.0
A1184,0,1,0.0,721.53,1,0,0.0,0.0,0.00044523,0.0,0.0
A208,0,1,0.0,178.29,1,0,0.0,0.0,0.00044523,0.0,0.0
A99,0,1,0.0,184.81,1,0,0.0,0.0,0.00044523,0.0,0.0
A1639,0,1,0.0,248.16,1,0,0.0,0.0,0.00044523,0.0,0.0
A721,0,2,0.0,674.22,2,0,0.0,0.0,0.00044523,0.0,0.0
A357,0,1,0.0,178.53,1,0,0.0,0.0,0.00044523,0.0,0.0
A1949,0,1,0.0,189.59,1,0,0.0,0.0,0.00044523,0.0,0.0
A1420,0,1,0.0,714.45,1,0,0.0,0.0,0.00044523,0.0,0.0
A596,0,2,0.0,918.22,2,0,0.0,0.0,0.00044523,0.0,0.0
A323,0,1,0.0,259.46,1,0,0.0,0.0,0.00044523,0.0,0.0
A1761,0,1,0.0,57.59,1,0,0.0,0.0,0.00044523,0.0,0.0
A268,0,1,0.0,551.85,1,0,0.0,0.0,0.00044523,0.0,0.0
A1455,0,1,0.0,580.54,1,0,0.0,0.0,0.00044523,0.0,0.0
A993,0,1,0.0,859.05,1,0,0.0,0.0,0.00044523,0.0,0.0
A1448,0,1,0.0,201.07,1,0,0.0,0.0,0.00044523,0.0,0.0
A1189,0,1,0.0,783.11,1,0,0.0,0.0,0.00044523,0.0,0.0
A724,0,1,0.0,601.69,1,0,0.0,0.0,0.00044523,0.0,0.0
A607,0,1,0.0,381.58,1,0,0.0,0.0,0.00044523,0.0,0.0
A363,0,1,0.0,224.11,1,0,0.0,0.0,0.00044523,0.0,0.0
A1902,0,1,0.0,405.01,1,0,0.0,0.0,0.00044523,0.0,0.0
A1531,0,3,0.0,1290.08,3,0,0.0,0.0,0.00044523,0.0,0.0
A423,0,3,0.0,962.74,3,0,0.0,0.0,0.00044523,0.0,0.0
A1349,0,1,0.0,69.13,1,0,0.0,0.0,0.00044523,0.0,0.0
A593,0,1,0.0,229.97,1,0,0.0,0.0,0.00044523,0.0,0.0
A1636,0,1,0.0,182.86,1,0,0.0,0.0,0.00044523,0.0,0.0
A628,0,2,0.0,287.53,2,0,0.0,0.0,0.00044523,0.0,0.0
A787,0,1,0.0,219.56,1,0,0.0,0.0,0.00044523,0.0,0.0
A341,0,1,0.0,690.56,1,0,0.0,0.0,0.00044523,0.0,0.0
A1708,0,1,0.0,431.49,1,0,0.0,0.0,0.00044523,0.0,0.0
A171,0,1,0.0,599.09,1,0,0.0,0.0,0.00044523,0.0,0.0
A282,0,1,0.0,372.43,1,0,0.0,0.0,0.00044523,0.0,0.0
A1582,0,1,0.0,384.39,1,0,0.0,0.0,0.00044523,0.0,0.0
A608,0,2,0.0,194.8,2,0,0.0,0.0,0.00044523,0.0,0.0
A1403,0,2,0.0,222.49,2,0,0.0,0.0,0.00044523,0.0,0.0
A1425,0,1,0.0,610.32,1,0,0.0,0.0,0.00044523,0.0,0.0
A588,0,2,0.0,723.93,2,0,0.0,0.0,0.00044523,0.0,0.0
A226,0,1,0.0,293.06,1,0,0.0,0.0,0.00044523,0.0,0.0
A1574,0,1,0.0,511.74,1,0,0.0,0.0,0.00044523,0.0,0.0
A728,0,1,0.0,148.4,1,0,0.0,0.0,0.00044523,0.0,0.0
A1332,0,1,0.0,244.86,1,0,0.0,0.0,0.00044523,0.0,0.0
A1624,0,1,0.0,15.7,1,0,0.0,0.0,0.00044523,0.0,0.0
A1105,0,1,0.0,150.04,1,0,0.0,0.0,0.00044523,0.0,0.0
A958,0,1,0.0,67.64,1,0,0.0,0.0,0.00044523,0.0,0.0
A101,0,1,0.0,125.81,1,0,0.0,0.0,0.00044523,0.0,0.0
A1616,0,1,0.0,96.4,1,0,0.0,0.0,0.00044523,0.0,0.0
A780,0,1,0.0,190.14,1,0,0.0,0.0,0.00044523,0.0,0.0
A1401,0,1,0.0,1011.19,1,0,0.0,0.0,0.00044523,0.0,0.0
A1178,0,1,0.0,175.11,1,0,0.0,0.0,0.00044523,0.0,0.0
A1857,0,2,0.0,658.84,2,0,0.0,0.0,0.00044523,0.0,0.0
A549,0,1,0.0,483.12,1,0,0.0,0.0,0.00044523,0.0,0.0
A1730,0,3,0.0,1271.42,3,0,0.0,0.0,0.00044523,0.0,0.0
A1581,0,1,0.0,717.79,1,0,0.0,0.0,0.00044523,0.0,0.0
A669,0,2,0.0,763.59,2,0,0.0,0.0,0.00044523,0.0,0.0
A265,0,1,0.0,161.29,1,0,0.0,0.0,0.00044523,0.0,0.0
A1798,0,1,0.0,64.49,1,0,0.0,0.0,0.00044523,0.0,0.0
A542,0,1,0.0,369.65,1,0,0.0,0.0,0.00044523,0.0,0.0
A1373,0,1,0.0,34.3,1,0,0.0,0.0,0.00044523,0.0,0.0
A505,0,2,0.0,482.44,2,0,0.0,0.0,0.00044523,0.0,0.0
A696,0,1,0.0,147.78,1,0,0.0,0.0,0.00044523,0.0,0.0
A1879,0,1,0.0,414.86,1,0,0.0,0.0,0.00044523,0.0,0.0
A1249,0,1,0.0,193.87,1,0,0.0,0.0,0.00044523,0.0,0.0
A49,0,2,0.0,442.7,2,0,0.0,0.0,0.00044523,0.0,0.0
A1071,0,1,0.0,520.42,1,0,0.0,0.0,0.00044523,0.0,0.0
A630,0,1,0.0,396.08,1,0,0.0,0.0,0.00044523,0.0,0.0
A1561,0,1,0.0,130.2,1,0,0.0,0.0,0.00044523,0.0,0.0
A1000,0,1,0.0,175.99,1,0,0.0,0.0,0.00044523,0.0,0.0
A366,0,1,0.0,427.2,1,0,0.0,0.0,0.00044523,0.0,0.0
A1141,0,1,0.0,227.27,1,0,0.0,0.0,0.00044523,0.0,0.0
A1656,0,2,0.0,306.45,2,0,0.0,0.0,0.00044523,0.0,0.0
A1171,0,2,0.0,902.14,2,0,0.0,0.0,0.00044523,0.0,0.0
A1937,0,1,0.0,434.1,1,0,0.0,0.0,0.00044523,0.0,0.0
A1912,0,1,0.0,220.1,1,0,0.0,0.0,0.00044523,0.0,0.0
A1975,0,1,0.0,526.79,1,0,0.0,0.0,0.00044523,0.0,0.0
A693,0,2,0.0,434.34,2,0,0.0,0.0,0.00044523,0.0,0.0
A1445,0,2,0.0,616.33,2,0,0.0,0.0,0.00044523,0.0,0.0
A970,0,2,0.0,692.16,2,0,0.0,0.0,0.00044523,0.0,0.0
A986,0,2,0.0,322.2,2,0,0.0,0.0,0.00044523,0.0,0.0
A548,0,1,0.0,375.18,1,0,0.0,0.0,0.00044523,0.0,0.0
A1720,0,1,0.0,490.5,1,0,0.0,0.0,0.00044523,0.0,0.0
A267,0,1,0.0,406.01,1,0,0.0,0.0,0.00044523,0.0,0.0
A1580,0,2,0.0,1633.88,2,0,0.0,0.0,0.00044523,0.0,0.0
A204,0,1,0.0,533.52,1,0,0.0,0.0,0.00044523,0.0,0.0
A1464,0,1,0.0,91.18,1,0,0.0,0.0,0.00044523,0.0,0.0
A107,0,2,0.0,651.53,2,0,0.0,0.0,0.00044523,0.0,0.0
A1972,0,1,0.0,435.1,1,0,0.0,0.0,0.00044523,0.0,0.0
A659,0,2,0.0,547.29,2,0,0.0,0.0,0.00044523,0.0,0.0
A64,0,1,0.0,301.31,1,0,0.0,0.0,0.00044523,0.0,0.0
A31,0,1,0.0,274.39,1,0,0.0,0.0,0.00044523,0.0,0.0
A393,0,2,0.0,1286.75,2,0,0.0,0.0,0.00044523,0.0,0.0
A126,0,2,0.0,987.26,2,0,0.0,0.0,0.00044523,0.0,0.0
A1908,0,2,0.0,1242.04,2,0,0.0,0.0,0.00044523,0.0,0.0
A727,0,1,0.0,191.7,1,0,0.0,0.0,0.00044523,0.0,0.0
A39,0,2,0.0,1053.05,2,0,0.0,0.0,0.00044523,0.0,0.0
A647,0,1,0.0,29.89,1,0,0.0,0.0,0.00044523,0.0,0.0
A283,0,1,0.0,364.2,1,0,0.0,0.0,0.00044523,0.0,0.0
A432,0,1,0.0,576.56,1,0,0.0,0.0,0.00044523,0.0,0.0
A317,0,1,0.0,212.1,1,0,0.0,0.0,0.00044523,0.0,0.0
A539,0,1,0.0,170.1,1,0,0.0,0.0,0.00044523,0.0,0.0
A1343,0,1,0.0,948.36,1,0,0.0,0.0,0.00044523,0.0,0.0
A572,0,1,0.0,265.52,1,0,0.0,0.0,0.00044523,0.0,0.0
A1140,0,1,0.0,671.4,1,0,0.0,0.0,0.00044523,0.0,0.0
A1521,0,1,0.0,19.76,1,0,0.0,0.0,0.00044523,0.0,0.0
A1462,0,1,0.0,147.72,1,0,0.0,0.0,0.00044523,0.0,0.0
A803,0,2,0.0,1127.21,2,0,0.0,0.0,0.00044523,0.0,0.0
A598,0,1,0.0,385.48,1,0,0.0,0.0,0.00044523,0.0,0.0
A1245,0,1,0.0,388.98,1,0,0.0,0.0,0.00044523,0.0,0.0
A124,0,1,0.0,323.66,1,0,0.0,0.0,0.00044523,0.0,0.0
A773,0,2,0.0,495.52,2,0,0.0,0.0,0.00044523,0.0,0.0
A1057,0,2,0.0,577.3,2,0,0.0,0.0,0.00044523,0.0,0.0
A1355,0,2,0.0,1256.95,2,0,0.0,0.0,0.00044523,0.0,0.0
A3,0,1,0.0,194.08,1,0,0.0,0.0,0.00044523,0.0,0.0
A1232,0,1,0.0,189.98,1,0,0.0,0.0,0.00044523,0.0,0.0
A336,0,1,0.0,421.49,1,0,0.0,0.0,0.00044523,0.0,0.0
A25,0,1,0.0,1093.12,1,0,0.0,0.0,0.00044523,0.0,0.0
A825,0,1,0.0,381.68,1,0,0.0,0.0,0.00044523,0.0,0.0
A383,0,1,0.0,151.13,1,0,0.0,0.0,0.00044523,0.0,0.0
A411,0,3,0.0,720.66,3,0,0.0,0.0,0.00044523,0.0,0.0
A1929,0,1,0.0,415.95,1,0,0.0,0.0,0.00044523,0.0,0.0
A1727,0,1,0.0,82.83,1,0,0.0,0.0,0.00044523,0.0,0.0
A1063,0,2,0.0,271.97,2,0,0.0,0.0,0.00044523,0.0,0.0
A990,0,1,0.0,448.01,1,0,0.0,0.0,0.00044523,0.0,0.0
A671,0,1,0.0,282.69,1,0,0.0,0.0,0.00044523,0.0,0.0
A321,0,1,0.0,530.56,1,0,0.0,0.0,0.00044523,0.0,0.0
A1858,0,1,0.0,519.05,1,0,0.0,0.0,0.00044523,0.0,0.0
A614,0,1,0.0,328.71,1,0,0.0,0.0,0.00044523,0.0,0.0
A1881,0,2,0.0,495.93,2,0,0.0,0.0,0.00044523,0.0,0.0
A435,0,1,0.0,495.51,1,0,0.0,0.0,0.00044523,0.0,0.0
A1526,0,1,0.0,290.87,1,0,0.0,0.0,0.00044523,0.0,0.0
A517,0,1,0.0,606.63,1,0,0.0,0.0,0.00044523,0.0,0.0
A1566,0,1,0.0,413.06,1,0,0.0,0.0,0.00044523,0.0,0.0
A1762,0,1,0.0,296.18,1,0,0.0,0.0,0.00044523,0.0,0.0
A762,0,2,0.0,533.31,2,0,0.0,0.0,0.00044523,0.0,0.0
A1934,0,2,0.0,124.6,2,0,0.0,0.0,0.00044523,0.0,0.0
A279,0,1,0.0,126.58,1,0,0.0,0.0,0.00044523,0.0,0.0
A390,0,2,0.0,2186.04,2,0,0.0,0.0,0.00044523,0.0,0.0
A1133,0,1,0.0,1522.98,1,0,0.0,0.0,0.00044523,0.0,0.0
A1214,0,2,0.0,376.21,2,0,0.0,0.0,0.00044523,0.0,0.0
A291,0,1,0.0,430.29,1,0,0.0,0.0,0.00044523,0.0,0.0
A468,0,2,0.0,1014.92,2,0,0.0,0.0,0.00044523,0.0,0.0
A844,0,2,0.0,762.48,2,0,0.0,0.0,0.00044523,0.0,0.0
A723,0,1,0.0,202.38,1,0,0.0,0.0,0.00044523,0.0,0.0
A756,0,1,0.0,22.97,1,0,0.0,0.0,0.00044523,0.0,0.0
A1398,0,1,0.0,409.78,1,0,0.0,0.0,0.00044523,0.0,0.0
A442,0,1,0.0,1097.78,1,0,0.0,0.0,0.00044523,0.0,0.0
A585,0,1,0.0,126.17,1,0,0.0,0.0,0.00044523,0.0,0.0
A576,0,2,0.0,934.71,2,0,0.0,0.0,0.00044523,0.0,0.0
A1159,0,1,0.0,283.23,1,0,0.0,0.0,0.00044523,0.0,0.0
A310,0,1,0.0,642.99,1,0,0.0,0.0,0.00044523,0.0,0.0
A50,0,1,0.0,262.56,1,0,0.0,0.0,0.00044523,0.0,0.0
A329,0,1,0.0,347.11,1,0,0.0,0.0,0.00044523,0.0,0.0
A417,0,2,0.0,216.91,2,0,0.0,0.0,0.00044523,0.0,0.0
A1136,0,1,0.0,251.29,1,0,0.0,0.0,0.00044523,0.0,0.0
A1904,0,2,0.0,702.77,2,0,0.0,0.0,0.00044523,0.0,0.0
A880,0,2,0.0,627.94,2,0,0.0,0.0,0.00044523,0.0,0.0
A1193,0,3,0.0,1376.85,3,0,0.0,0.0,0.00044523,0.0,0.0
A1328,0,2,0.0,543.66,2,0,0.0,0.0,0.00044523,0.0,0.0
A1497,0,1,0.0,509.03,1,0,0.0,0.0,0.00044523,0.0,0.0
A1138,0,2,0.0,358.33,2,0,0.0,0.0,0.00044523,0.0,0.0
A1501,0,1,0.0,139.62,1,0,0.0,0.0,0.00044523,0.0,0.0
A1878,0,1,0.0,156.36,1,0,0.0,0.0,0.00044523,0.0,0.0
A973,0,2,0.0,1988.57,2,0,0.0,0.0,0.00044523,0.0,0.0
A794,0,1,0.0,425.32,1,0,0.0,0.0,0.00044523,0.0,0.0
A1886,0,2,0.0,744.75,2,0,0.0,0.0,0.00044523,0.0,0.0
A565,0,1,0.0,439.31,1,0,0.0,0.0,0.00044523,0.0,0.0
A587,0,2,0.0,661.08,2,0,0.0,0.0,0.00044523,0.0,0.0
A436,0,1,0.0,270.74,1,0,0.0,0.0,0.00044523,0.0,0.0
A23,0,1,0.0,367.58,1,0,0.0,0.0,0.00044523,0.0,0.0
A200,0,2,0.0,630.61,2,0,0.0,0.0,0.00044523,0.0,0.0
A559,0,1,0.0,117.41,1,0,0.0,0.0,0.00044523,0.0,0.0
A127,0,2,0.0,1878.67,2,0,0.0,0.0,0.00044523,0.0,0.0
A1633,0,2,0.0,379.13,2,0,0.0,0.0,0.00044523,0.0,0.0
A1675,0,2,0.0,1092.07,2,0,0.0,0.0,0.00044523,0.0,0.0
A129,0,1,0.0,496.35,1,0,0.0,0.0,0.00044523,0.0,0.0
A1084,0,1,0.0,149.62,1,0,0.0,0.0,0.00044523,0.0,0.0
A788,0,2,0.0,382.32,2,0,0.0,0.0,0.00044523,0.0,0.0
A36,0,1,0.0,210.59,1,0,0.0,0.0,0.00044523,0.0,0.0
A1290,0,3,0.0,1537.59,3,0,0.0,0.0,0.00044523,0.0,0.0
A275,0,2,0.0,1244.4,2,0,0.0,0.0,0.00044523,0.0,0.0
A1597,0,2,0.0,817.81,2,0,0.0,0.0,0.00044523,0.0,0.0
A1465,0,2,0.0,576.37,2,0,0.0,0.0,0.00044523,0.0,0.0
A1089,0,2,0.0,736.48,2,0,0.0,0.0,0.00044523,0.0,0.0
A1418,0,1,0.0,598.51,1,0,0.0,0.0,0.00044523,0.0,0.0
A1979,0,1,0.0,175.88,1,0,0.0,0.0,0.00044523,0.0,0.0
A230,0,1,0.0,510.67,1,0,0.0,0.0,0.00044523,0.0,0.0
A183,0,1,0.0,719.13,1,0,0.0,0.0,0.00044523,0.0,0.0
A85,0,1,0.0,262.2,1,0,0.0,0.0,0.00044523,0.0,0.0
A1680,0,2,0.0,142.2,2,0,0.0,0.0,0.00044523,0.0,0.0
A1115,0,2,0.0,1731.72,2,0,0.0,0.0,0.00044523,0.0,0.0
A864,0,1,0.0,456.6,1,0,0.0,0.0,0.00044523,0.0,0.0
A1429,0,1,0.0,628.72,1,0,0.0,0.0,0.00044523,0.0,0.0
A155,0,1,0.0,112.16,1,0,0.0,0.0,0.00044523,0.0,0.0
A1468,0,1,0.0,989.4,1,0,0.0,0.0,0.00044523,0.0,0.0
A1422,0,1,0.0,46.45,1,0,0.0,0.0,0.00044523,0.0,0.0
A1294,0,1,0.0,308.23,1,0,0.0,0.0,0.00044523,0.0,0.0
A712,0,1,0.0,543.46,1,0,0.0,0.0,0.00044523,0.0,0.0
A377,0,2,0.0,915.82,2,0,0.0,0.0,0.00044523,0.0,0.0
A566,0,2,0.0,316.43,2,0,0.0,0.0,0.00044523,0.0,0.0
A1048,0,1,0.0,134.47,1,0,0.0,0.0,0.00044523,0.0,0.0
A1148,0,2,0.0,506.34,2,0,0.0,0.0,0.00044523,0.0,0.0
A1856,0,1,0.0,758.85,1,0,0.0,0.0,0.00044523,0.0,0.0
A231,0,2,0.0,359.6,2,0,0.0,0.0,0.00044523,0.0,0.0
A304,0,1,0.0,1373.86,1,0,0.0,0.0,0.00044523,0.0,0.0
A950,0,1,0.0,507.91,1,0,0.0,0.0,0.00044523,0.0,0.0
A861,0,2,0.0,866.91,2,0,0.0,0.0,0.00044523,0.0,0.0
A1149,0,2,0.0,727.96,2,0,0.0,0.0,0.00044523,0.0,0.0
A520,0,1,0.0,275.59,1,0,0.0,0.0,0.00044523,0.0,0.0
A207,0,1,0.0,175.37,1,0,0.0,0.0,0.00044523,0.0,0.0
A1019,0,1,0.0,214.12,1,0,0.0,0.0,0.00044523,0.0,0.0
A556,0,1,0.0,260.25,1,0,0.0,0.0,0.00044523,0.0,0.0
A1519,0,1,0.0,340.6,1,0,0.0,0.0,0.00044523,0.0,0.0
A259,0,1,0.0,152.85,1,0,0.0,0.0,0.00044523,0.0,0.0
A1003,0,1,0.0,345.61,1,0,0.0,0.0,0.00044523,0.0,0.0
A332,0,1,0.0,107.96,1,0,0.0,0.0,0.00044523,0.0,0.0
A1800,0,1,0.0,446.9,1,0,0.0,0.0,0.00044523,0.0,0.0
A97,0,1,0.0,602.56,1,0,0.0,0.0,0.00044523,0.0,0.0
A984,0,1,0.0,487.01,1,0,0.0,0.0,0.00044523,0.0,0.0
A1411,0,1,0.0,95.92,1,0,0.0,0.0,0.00044523,0.0,0.0
A441,0,1,0.0,497.95,1,0,0.0,0.0,0.00044523,0.0,0.0
A20,0,1,0.0,164.44,1,0,0.0,0.0,0.00044523,0.0,0.0
A1258,0,1,0.0,177.37,1,0,0.0,0.0,0.00044523,0.0,0.0
A1751,0,2,0.0,430.69,2,0,0.0,0.0,0.00044523,0.0,0.0
A636,0,2,0.0,666.87,2,0,0.0,0.0,0.00044523,0.0,0.0
A953,0,2,0.0,761.19,2,0,0.0,0.0,0.00044523,0.0,0.0
A257,0,1,0.0,75.03,1,0,0.0,0.0,0.00044523,0.0,0.0
A1114,0,2,0.0,670.0,2,0,0.0,0.0,0.00044523,0.0,0.0
A1396,0,1,0.0,359.74,1,0,0.0,0.0,0.00044523,0.0,0.0
A1662,0,1,0.0,174.44,1,0,0.0,0.0,0.00044523,0.0,0.0
A971,0,1,0.0,297.26,1,0,0.0,0.0,0.00044523,0.0,0.0
A478,0,1,0.0,340.29,1,0,0.0,0.0,0.00044523,0.0,0.0
A652,0,2,0.0,349.65,2,0,0.0,0.0,0.00044523,0.0,0.0
A1302,0,1,0.0,169.04,1,0,0.0,0.0,0.00044523,0.0,0.0
A201,0,2,0.0,512.07,2,0,0.0,0.0,0.00044523,0.0,0.0
A243,0,1,0.0,18.29,1,0,0.0,0.0,0.00044523,0.0,0.0
A992,0,2,0.0,261.35,2,0,0.0,0.0,0.00044523,0.0,0.0
A1687,0,1,0.0,266.59,1,0,0.0,0.0,0.00044523,0.0,0.0
A384,0,1,0.0,154.24,1,0,0.0,0.0,0.00044523,0.0,0.0
A795,0,1,0.0,189.5,1,0,0.0,0.0,0.00044523,0.0,0.0
A492,0,1,0.0,432.12,1,0,0.0,0.0,0.00044523,0.0,0.0
A1854,0,1,0.0,169.79,1,0,0.0,0.0,0.00044523,0.0,0.0
A771,0,1,0.0,1186.99,1,0,0.0,0.0,0.00044523,0.0,0.0
A660,0,1,0.0,250.13,1,0,0.0,0.0,0.00044523,0.0,0.0
A1478,0,1,0.0,55.35,1,0,0.0,0.0,0.00044523,0.0,0.0
A1784,0,1,0.0,351.48,1,0,0.0,0.0,0.00044523,0.0,0.0
A1913,0,2,0.0,809.79,2,0,0.0,0.0,0.00044523,0.0,0.0
A1893,0,1,0.0,601.33,1,0,0.0,0.0,0.00044523,0.0,0.0
A403,0,1,0.0,626.82,1,0,0.0,0.0,0.00044523,0.0,0.0
A1914,0,1,0.0,217.89,1,0,0.0,0.0,0.00044523,0.0,0.0
A316,0,1,0.0,910.79,1,0,0.0,0.0,0.00044523,0.0,0.0
A538,0,1,0.0,689.38,1,0,0.0,0.0,0.00044523,0.0,0.0
A1849,0,1,0.0,403.03,1,0,0.0,0.0,0.00044523,0.0,0.0
A1102,0,1,0.0,501.98,1,0,0.0,0.0,0.00044523,0.0,0.0
A589,0,1,0.0,291.9,1,0,0.0,0.0,0.00044523,0.0,0.0
A446,0,1,0.0,193.17,1,0,0.0,0.0,0.00044523,0.0,0.0
A447,0,1,0.0,842.46,1,0,0.0,0.0,0.00044523,0.0,0.0
A504,0,1,0.0,540.31,1,0,0.0,0.0,0.00044523,0.0,0.0
A44,0,1,0.0,304.8,1,0,0.0,0.0,0.00044523,0.0,0.0
A211,0,1,0.0,715.62,1,0,0.0,0.0,0.00044523,0.0,0.0
A5,0,1,0.0,588.59,1,0,0.0,0.0,0.00044523,0.0,0.0
A1712,0,1,0.0,710.19,1,0,0.0,0.0,0.00044523,0.0,0.0
A692,0,2,0.0,1986.23,2,0,0.0,0.0,0.00044523,0.0,0.0
A1703,0,1,0.0,243.23,1,0,0.0,0.0,0.00044523,0.0,0.0
A1729,0,1,0.0,261.39,1,0,0.0,0.0,0.00044523,0.0,0.0
A425,0,1,0.0,304.47,1,0,0.0,0.0,0.00044523,0.0,0.0
A680,0,2,0.0,1255.97,2,0,0.0,0.0,0.00044523,0.0,0.0
A1201,0,1,0.0,687.75,1,0,0.0,0.0,0.00044523,0.0,0.0
A1348,0,1,0.0,240.07,1,0,0.0,0.0,0.00044523,0.0,0.0
A1053,0,1,0.0,10.83,1,0,0.0,0.0,0.00044523,0.0,0.0
A748,0,1,0.0,407.71,1,0,0.0,0.0,0.00044523,0.0,0.0
A562,0,1,0.0,480.67,1,0,0.0,0.0,0.00044523,0.0,0.0
A246,0,1,0.0,625.37,1,0,0.0,0.0,0.00044523,0.0,0.0
A1488,0,1,0.0,420.5,1,0,0.0,0.0,0.00044523,0.0,0.0
A184,0,1,0.0,224.89,1,0,0.0,0.0,0.00044523,0.0,0.0
A1116,0,2,0.0,450.57,2,0,0.0,0.0,0.00044523,0.0,0.0
A797,0,1,0.0,212.04,1,0,0.0,0.0,0.00044523,0.0,0.0
A167,0,1,0.0,569.32,1,0,0.0,0.0,0.00044523,0.0,0.0
A138,0,1,0.0,327.19,1,0,0.0,0.0,0.00044523,0.0,0.0
A1174,0,1,0.0,349.85,1,0,0.0,0.0,0.00044523,0.0,0.0
A956,0,1,0.0,345.27,1,0,0.0,0.0,0.00044523,0.0,0.0
A1554,0,1,0.0,153.5,1,0,0.0,0.0,0.00044523,0.0,0.0
A1750,0,1,0.0,291.6,1,0,0.0,0.0,0.00044523,0.0,0.0
A1014,0,1,0.0,93.37,1,0,0.0,0.0,0.00044523,0.0,0.0
A439,0,3,0.0,1387.2,3,0,0.0,0.0,0.00044523,0.0,0.0
A1755,0,1,0.0,113.19,1,0,0.0,0.0,0.00044523,0.0,0.0
A1690,0,2,0.0,204.2,2,0,0.0,0.0,0.00044523,0.0,0.0
A1266,0,1,0.0,237.9,1,0,0.0,0.0,0.00044523,0.0,0.0
A1357,0,2,0.0,513.58,2,0,0.0,0.0,0.00044523,0.0,0.0
A1592,0,1,0.0,169.29,1,0,0.0,0.0,0.00044523,0.0,0.0
A472,0,1,0.0,157.01,1,0,0.0,0.0,0.00044523,0.0,0.0
A1277,0,1,0.0,1333.03,1,0,0.0,0.0,0.00044523,0.0,0.0
A1483,0,1,0.0,548.43,1,0,0.0,0.0,0.00044523,0.0,0.0
A1552,0,1,0.0,273.44,1,0,0.0,0.0,0.00044523,0.0,0.0
A96,0,1,0.0,253.68,1,0,0.0,0.0,0.00044523,0.0,0.0
A1944,0,1,0.0,330.04,1,0,0.0,0.0,0.00044523,0.0,0.0
A1378,0,2,0.0,951.25,2,0,0.0,0.0,0.00044523,0.0,0.0
A616,0,1,0.0,198.93,1,0,0.0,0.0,0.00044523,0.0,0.0
A824,0,1,0.0,193.25,1,0,0.0,0.0,0.00044523,0.0,0.0
A1183,0,1,0.0,572.61,1,0,0.0,0.0,0.00044523,0.0,0.0
A1506,0,1,0.0,82.87,1,0,0.0,0.0,0.00044523,0.0,0.0
A960,0,1,0.0,430.92,1,0,0.0,0.0,0.00044523,0.0,0.0
A1668,0,1,0.0,149.95,1,0,0.0,0.0,0.00044523,0.0,0.0
A537,0,1,0.0,585.16,1,0,0.0,0.0,0.00044523,0.0,0.0
A115,0,1,0.0,449.43,1,0,0.0,0.0,0.00044523,0.0,0.0
A611,0,1,0.0,296.4,1,0,0.0,0.0,0.00044523,0.0,0.0
A453,0,1,0.0,231.73,1,0,0.0,0.0,0.00044523,0.0,0.0
A1005,0,1,0.0,337.85,1,0,0.0,0.0,0.00044523,0.0,0.0
A437,0,2,0.0,692.99,2,0,0.0,0.0,0.00044523,0.0,0.0
A331,0,2,0.0,1193.51,2,0,0.0,0.0,0.00044523,0.0,0.0
A1567,0,1,0.0,584.35,1,0,0.0,0.0,0.00044523,0.0,0.0
A1091,0,1,0.0,87.48,1,0,0.0,0.0,0.00044523,0.0,0.0
A1614,0,2,0.0,683.36,2,0,0.0,0.0,0.00044523,0.0,0.0
A1317,0,1,0.0,771.9,1,0,0.0,0.0,0.00044523,0.0,0.0
A1759,0,1,0.0,346.08,1,0,0.0,0.0,0.00044523,0.0,0.0
A1382,0,1,0.0,617.76,1,0,0.0,0.0,0.00044523,0.0,0.0
A1631,0,2,0.0,299.25,2,0,0.0,0.0,0.00044523,0.0,0.0
A224,0,1,0.0,111.37,1,0,0.0,0.0,0.00044523,0.0,0.0
A1741,0,1,0.0,565.29,1,0,0.0,0.0,0.00044523,0.0,0.0
A300,0,1,0.0,279.28,1,0,0.0,0.0,0.00044523,0.0,0.0
A1870,0,2,0.0,671.38,2,0,0.0,0.0,0.00044523,0.0,0.0
A1863,0,2,0.0,1113.17,2,0,0.0,0.0,0.00044523,0.0,0.0
A1491,0,1,0.0,37.08,1,0,0.0,0.0,0.00044523,0.0,0.0
A451,0,1,0.0,430.5,1,0,0.0,0.0,0.00044523,0.0,0.0
A876,0,2,0.0,536.07,2,0,0.0,0.0,0.00044523,0.0,0.0
A1803,0,1,0.0,95.88,1,0,0.0,0.0,0.00044523,0.0,0.0
A1514,0,1,0.0,433.05,1,0,0.0,0.0,0.00044523,0.0,0.0
A895,0,1,0.0,206.38,1,0,0.0,0.0,0.00044523,0.0,0.0
A54,0,1,0.0,236.08,1,0,0.0,0.0,0.00044523,0.0,0.0
A516,0,3,0.0,2243.87,3,0,0.0,0.0,0.00044523,0.0,0.0
A454,0,1,0.0,119.36,1,0,0.0,0.0,0.00044523,0.0,0.0
A428,0,1,0.0,192.05,1,0,0.0,0.0,0.00044523,0.0,0.0
A460,0,1,0.0,5.5,1,0,0.0,0.0,0.00044523,0.0,0.0
A890,0,2,0.0,854.23,2,0,0.0,0.0,0.00044523,0.0,0.0
A1994,0,1,0.0,252.14,1,0,0.0,0.0,0.00044523,0.0,0.0
A215,0,2,0.0,747.15,2,0,0.0,0.0,0.00044523,0.0,0.0
A1718,0,1,0.0,240.2,1,0,0.0,0.0,0.00044523,0.0,0.0
A1222,0,2,0.0,660.43,2,0,0.0,0.0,0.00044523,0.0,0.0
A1358,0,1,0.0,328.98,1,0,0.0,0.0,0.00044523,0.0,0.0
A365,0,1,0.0,302.78,1,0,0.0,0.0,0.00044523,0.0,0.0
A112,0,1,0.0,234.32,1,0,0.0,0.0,0.00044523,0.0,0.0
A1477,0,1,0.0,251.22,1,0,0.0,0.0,0.00044523,0.0,0.0
A1230,0,2,0.0,284.12,2,0,0.0,0.0,0.00044523,0.0,0.0
A1441,0,1,0.0,266.57,1,0,0.0,0.0,0.00044523,0.0,0.0
A1187,0,1,0.0,693.33,1,0,0.0,0.0,0.00044523,0.0,0.0
A931,0,1,0.0,534.71,1,0,0.0,0.0,0.00044523,0.0,0.0
A854,0,1,0.0,296.54,1,0,0.0,0.0,0.00044523,0.0,0.0
A685,0,1,0.0,524.64,1,0,0.0,0.0,0.00044523,0.0,0.0
A1282,0,2,0.0,1026.25,2,0,0.0,0.0,0.00044523,0.0,0.0
A1337,0,3,0.0,1069.39,3,0,0.0,0.0,0.00044523,0.0,0.0
A1036,0,1,0.0,313.88,1,0,0.0,0.0,0.00044523,0.0,0.0
A578,0,1,0.0,327.21,1,0,0.0,0.0,0.00044523,0.0,0.0
A800,0,1,0.0,226.57,1,0,0.0,0.0,0.00044523,0.0,0.0
A1170,0,1,0.0,5.23,1,0,0.0,0.0,0.00044523,0.0,0.0
A479,0,1,0.0,370.37,1,0,0.0,0.0,0.00044523,0.0,0.0
A467,0,1,0.0,103.91,1,0,0.0,0.0,0.00044523,0.0,0.0
A1216,0,1,0.0,427.49,1,0,0.0,0.0,0.00044523,0.0,0.0
A1364,0,1,0.0,722.47,1,0,0.0,0.0,0.00044523,0.0,0.0
A1872,0,2,0.0,466.16,2,0,0.0,0.0,0.00044523,0.0,0.0
A1377,0,1,0.0,345.02,1,0,0.0,0.0,0.00044523,0.0,0.0
A846,0,1,0.0,451.93,1,0,0.0,0.0,0.00044523,0.0,0.0
A1331,0,1,0.0,279.74,1,0,0.0,0.0,0.00044523,0.0,0.0
A1163,0,1,0.0,123.54,1,0,0.0,0.0,0.00044523,0.0,0.0
A1228,0,1,0.0,373.82,1,0,0.0,0.0,0.00044523,0.0,0.0
A37,0,1,0.0,296.44,1,0,0.0,0.0,0.00044523,0.0,0.0
A893,0,1,0.0,1248.09,1,0,0.0,0.0,0.00044523,0.0,0.0
A347,0,1,0.0,190.74,1,0,0.0,0.0,0.00044523,0.0,0.0
A196,0,1,0.0,514.38,1,0,0.0,0.0,0.00044523,0.0,0.0
A798,0,1,0.0,836.67,1,0,0.0,0.0,0.00044523,0.0,0.0
A270,0,1,0.0,170.73,1,0,0.0,0.0,0.00044523,0.0,0.0
A690,0,1,0.0,287.23,1,0,0.0,0.0,0.00044523,0.0,0.0
A176,0,1,0.0,86.48,1,0,0.0,0.0,0.00044523,0.0,0.0
A1673,0,1,0.0,503.9,1,0,0.0,0.0,0.00044523,0.0,0.0
A1967,0,1,0.0,243.6,1,0,0.0,0.0,0.00044523,0.0,0.0
A302,0,2,0.0,927.27,2,0,0.0,0.0,0.00044523,0.0,0.0
A1541,0,1,0.0,282.25,1,0,0.0,0.0,0.00044523,0.0,0.0
A489,0,4,0.0,1984.57,4,0,0.0,0.0,0.00044523,0.0,0.0
A1842,0,3,0.0,1116.71,3,0,0.0,0.0,0.00044523,0.0,0.0
A92,0,1,0.0,615.06,1,0,0.0,0.0,0.00044523,0.0,0.0
A476,0,1,0.0,268.11,1,0,0.0,0.0,0.00044523,0.0,0.0
A370,0,1,0.0,535.14,1,0,0.0,0.0,0.00044523,0.0,0.0
A1463,0,1,0.0,58.65,1,0,0.0,0.0,0.00044523,0.0,0.0
A1700,0,1,0.0,326.78,1,0,0.0,0.0,0.00044523,0.0,0.0
A1549,0,2,0.0,429.71,2,0,0.0,0.0,0.00044523,0.0,0.0
A180,0,1,0.0,91.92,1,0,0.0,0.0,0.00044523,0.0,0.0
A1375,0,1,0.0,21.25,1,0,0.0,0.0,0.00044523,0.0,0.0
A1572,0,1,0.0,1153.18,1,0,0.0,0.0,0.00044523,0.0,0.0
A1110,0,1,0.0,68.55,1,0,0.0,0.0,0.00044523,0.0,0.0
A1809,0,1,0.0,466.93,1,0,0.0,0.0,0.00044523,0.0,0.0
A849,0,2,0.0,557.3,2,0,0.0,0.0,0.00044523,0.0,0.0
A1437,0,1,0.0,185.29,1,0,0.0,0.0,0.00044523,0.0,0.0
A782,0,2,0.0,549.29,2,0,0.0,0.0,0.00044523,0.0,0.0
A1450,0,1,0.0,706.94,1,0,0.0,0.0,0.00044523,0.0,0.0
A1942,0,1,0.0,338.56,1,0,0.0,0.0,0.00044523,0.0,0.0
A1327,0,1,0.0,318.77,1,0,0.0,0.0,0.00044523,0.0,0.0
A1415,0,1,0.0,395.11,1,0,0.0,0.0,0.00044523,0.0,0.0
A526,0,1,0.0,512.81,1,0,0.0,0.0,0.00044523,0.0,0.0
A745,0,2,0.0,1364.87,2,0,0.0,0.0,0.00044523,0.0,0.0
A1558,0,1,0.0,252.64,1,0,0.0,0.0,0.00044523,0.0,0.0
A389,0,2,0.0,343.18,2,0,0.0,0.0,0.00044523,0.0,0.0
A1027,0,2,0.0,466.74,2,0,0.0,0.0,0.00044523,0.0,0.0
A1641,0,1,0.0,417.89,1,0,0.0,0.0,0.00044523,0.0,0.0
A1630,0,1,0.0,258.01,1,0,0.0,0.0,0.00044523,0.0,0.0
A1474,0,1,0.0,498.43,1,0,0.0,0.0,0.00044523,0.0,0.0
A847,0,2,0.0,446.87,2,0,0.0,0.0,0.00044523,0.0,0.0
A1247,0,1,0.0,218.79,1,0,0.0,0.0,0.00044523,0.0,0.0
A1098,0,1,0.0,119.94,1,0,0.0,0.0,0.00044523,0.0,0.0
A1697,0,1,0.0,467.42,1,0,0.0,0.0,0.00044523,0.0,0.0
A873,0,1,0.0,1355.59,1,0,0.0,0.0,0.00044523,0.0,0.0
A42,0,1,0.0,468.02,1,0,0.0,0.0,0.00044523,0.0,0.0
A1196,0,1,0.0,315.31,1,0,0.0,0.0,0.00044523,0.0,0.0
A1261,0,1,0.0,362.2,1,0,0.0,0.0,0.00044523,0.0,0.0
A892,0,1,0.0,320.98,1,0,0.0,0.0,0.00044523,0.0,0.0
A1233,0,1,0.0,530.96,1,0,0.0,0.0,0.00044523,0.0,0.0
A1383,0,1,0.0,520.49,1,0,0.0,0.0,0.00044523,0.0,0.0
A1924,0,2,0.0,728.17,2,0,0.0,0.0,0.00044523,0.0,0.0
A528,0,1,0.0,277.71,1,0,0.0,0.0,0.00044523,0.0,0.0
A19,0,2,0.0,520.42,2,0,0.0,0.0,0.00044523,0.0,0.0
A1855,0,1,0.0,195.4,1,0,0.0,0.0,0.00044523,0.0,0.0
A175,0,1,0.0,242.21,1,0,0.0,0.0,0.00044523,0.0,0.0
A1833,0,1,0.0,1072.01,1,0,0.0,0.0,0.00044523,0.0,0.0
